Annexure II- S&P CNX Nifty Index : February 2010,,,,,,,,,,,
,,,,,,,,,,,
Sr. No,Security Symbol,Security Name,Industry,Equity Capital,Free Float Market Capitalisation for February 2010,Weightage,Beta,R2,Volatility,Monthly Return,Avg. Impact Cost February 2010
,,,,(In Rs.),(Rs. Crores),%,,,%,,%
1,ABB,ABB Ltd.,ELECTRICAL EQUIPMENT,"423,816,750"," 8,064 ",0.56%,0.78 ,0.37 ,0.97 ,(2.02),0.09
2,ACC,ACC Ltd.,CEMENT AND CEMENT PRODUCTS,"1,877,402,020"," 9,322 ",0.65%,0.79 ,0.40 ,1.65 ,5.90 ,0.08
3,AMBUJACEM,Ambuja Cements Ltd.,CEMENT AND CEMENT PRODUCTS,"3,046,612,130"," 8,727 ",0.61%,0.69 ,0.29 ,1.77 ,5.06 ,0.09
4,AXISBANK,Axis Bank Ltd.,BANKS,"4,036,327,640"," 27,696 ",1.94%,1.27 ,0.58 ,1.87 ,9.63 ,0.08
5,BHARTIARTL,Bharti Airtel Ltd.,TELECOMMUNICATION - SERVICES,"37,969,519,800"," 34,113 ",2.39%,0.93 ,0.36 ,2.73 ,(8.83),0.07
6,BHEL,Bharat Heavy Electricals Ltd.,ELECTRICAL EQUIPMENT,"4,895,200,000"," 37,121 ",2.60%,0.92 ,0.56 ,1.22 ,(2.32),0.06
7,BPCL,Bharat Petroleum Corporation Ltd.,REFINERIES,"3,615,421,240"," 7,287 ",0.51%,0.44 ,0.12 ,2.18 ,4.27 ,0.10
8,CAIRN,Cairn India Ltd.,OIL EXPLORATION/PRODUCTION,"18,966,786,470"," 11,445 ",0.80%,0.94 ,0.49 ,1.66 ,0.13 ,0.08
9,CIPLA,Cipla Ltd.,PHARMACEUTICALS,"1,605,842,714"," 16,043 ",1.12%,0.48 ,0.19 ,1.99 ,(0.33),0.10
10,DLF,DLF Ltd.,CONSTRUCTION,"3,394,698,660"," 10,816 ",0.76%,1.61 ,0.55 ,2.33 ,(10.55),0.07
11,GAIL,GAIL (India) Ltd.,GAS,"12,684,774,000"," 17,915 ",1.25%,0.68 ,0.32 ,1.52 ,1.21 ,0.08
12,GRASIM,Grasim Industries Ltd.,CEMENT AND CEMENT PRODUCTS,"916,820,010"," 18,417 ",1.29%,0.81 ,0.42 ,1.77 ,3.74 ,0.07
13,HCLTECH,HCL Technologies Ltd.,COMPUTERS - SOFTWARE,"1,347,011,864"," 7,777 ",0.54%,1.09 ,0.37 ,1.38 ,5.85 ,0.10
14,HDFC,Housing Development Finance Corporation Ltd.,FINANCE - HOUSING,"2,861,489,960"," 63,193 ",4.42%,1.18 ,0.58 ,1.59 ,4.88 ,0.07
15,HDFCBANK,HDFC Bank Ltd.,BANKS,"4,561,149,940"," 59,201 ",4.14%,0.82 ,0.58 ,1.33 ,4.52 ,0.07
16,HEROHONDA,Hero Honda Motors Ltd.,AUTOMOBILES - 2 AND 3 WHEELERS,"399,375,000"," 15,988 ",1.12%,0.74 ,0.34 ,1.66 ,14.03 ,0.07
17,HINDALCO,Hindalco Industries Ltd.,ALUMINIUM,"1,913,434,307"," 21,139 ",1.48%,1.32 ,0.49 ,3.27 ,10.38 ,0.09
18,HINDUNILVR,Hindustan Unilever Ltd.,DIVERSIFIED,"2,181,441,805"," 24,721 ",1.73%,0.40 ,0.18 ,1.65 ,(2.52),0.07
19,ICICIBANK,ICICI Bank Ltd.,BANKS,"11,138,469,520"," 97,144 ",6.80%,1.47 ,0.67 ,1.78 ,5.03 ,0.07
20,IDEA,Idea Cellular Ltd.,TELECOMMUNICATION - SERVICES,"31,000,952,090"," 9,652 ",0.68%,1.08 ,0.46 ,2.08 ,4.53 ,0.10
21,IDFC,Infrastructure Development Finance Co. Ltd.,FINANCIAL INSTITUTION,"12,965,767,610"," 14,954 ",1.05%,1.36 ,0.52 ,2.29 ,5.17 ,0.08
22,INFOSYSTCH,Infosys Technologies Ltd.,COMPUTERS - SOFTWARE,"2,867,676,165"," 125,271 ",8.77%,0.69 ,0.38 ,1.39 ,5.11 ,0.07
23,ITC,I T C Ltd.,CIGARETTES,"3,800,021,680"," 60,199 ",4.21%,0.63 ,0.31 ,1.83 ,(7.16),0.07
24,JINDALSTEL,Jindal Steel & Power Ltd.,STEEL AND STEEL PRODUCTS,"930,781,836"," 24,379 ",1.71%,1.09 ,0.49 ,1.83 ,0.71 ,0.08
25,JPASSOCIAT,Jaiprakash Associates Ltd.,DIVERSIFIED,"4,243,681,902"," 15,123 ",1.06%,1.66 ,0.36 ,2.64 ,(4.10),0.08
26,LT,Larsen & Toubro Ltd.,ENGINEERING,"1,200,545,626"," 93,901 ",6.57%,1.27 ,0.71 ,1.42 ,9.86 ,0.08
27,M&M,Mahindra & Mahindra Ltd.,AUTOMOBILES - 4 WHEELERS,"2,798,212,650"," 20,474 ",1.43%,1.21 ,0.53 ,2.54 ,(0.96),0.09
28,MARUTI,Maruti Suzuki India Ltd.,AUTOMOBILES - 4 WHEELERS,"1,444,550,300"," 19,314 ",1.35%,0.70 ,0.32 ,1.90 ,5.07 ,0.07
29,NTPC,NTPC Ltd.,POWER,"82,454,644,000"," 17,581 ",1.23%,0.58 ,0.40 ,1.40 ,(5.25),0.05
30,ONGC,Oil & Natural Gas Corporation Ltd.,OIL EXPLORATION/PRODUCTION,"21,388,725,300"," 37,697 ",2.64%,0.86 ,0.48 ,1.57 ,1.93 ,0.08
31,PNB,Punjab National Bank,BANKS,"3,153,025,000"," 11,989 ",0.84%,0.96 ,0.50 ,1.63 ,0.26 ,0.09
32,POWERGRID,Power Grid Corporation of India Ltd.,POWER,"42,088,412,300"," 6,173 ",0.43%,0.76 ,0.50 ,1.27 ,(4.57),0.08
33,RANBAXY,Ranbaxy Laboratories Ltd.,PHARMACEUTICALS,"2,102,616,230"," 7,137 ",0.50%,0.86 ,0.27 ,2.65 ,3.56 ,0.07
34,RCOM,Reliance Communications Ltd.,TELECOMMUNICATION - SERVICES,"10,320,134,405"," 10,567 ",0.74%,1.43 ,0.58 ,1.90 ,(7.21),0.07
35,RELCAPITAL,Reliance Capital Ltd.,FINANCE,"2,456,328,000"," 8,985 ",0.63%,1.66 ,0.61 ,2.43 ,(2.30),0.07
36,RELIANCE,Reliance Industries Ltd.,REFINERIES,"32,864,135,810"," 165,553 ",11.59%,1.13 ,0.71 ,1.68 ,(6.43),0.07
37,RELINFRA,Reliance Infrastructure Ltd.,POWER,"2,252,702,620"," 14,073 ",0.98%,1.49 ,0.64 ,1.63 ,(2.97),0.08
38,RPOWER,Reliance Power Ltd.,POWER,"23,968,000,000"," 5,038 ",0.35%,1.03 ,0.52 ,1.45 ,(5.38),0.07
39,SAIL,Steel Authority of India Ltd,STEEL AND STEEL PRODUCTS,"41,304,005,450"," 12,798 ",0.90%,1.33 ,0.62 ,2.44 ,1.86 ,0.07
40,SBIN,State Bank of India,BANKS,"6,348,802,220"," 50,872 ",3.56%,1.20 ,0.66 ,1.61 ,(4.00),0.05
41,SIEMENS,Siemens Ltd.,ELECTRICAL EQUIPMENT,"674,320,400"," 10,340 ",0.72%,1.14 ,0.56 ,1.86 ,6.42 ,0.08
42,STER,Sterlite Industries (India) Ltd.,METALS,"1,680,783,722"," 31,532 ",2.21%,1.38 ,0.55 ,2.73 ,3.84 ,0.07
43,SUNPHARMA,Sun Pharmaceutical Industries Ltd.,PHARMACEUTICALS,"1,035,581,955"," 11,572 ",0.81%,0.62 ,0.21 ,1.36 ,4.52 ,0.09
44,SUZLON,Suzlon Energy Ltd.,ELECTRICAL EQUIPMENT,"3,113,463,486"," 5,248 ",0.37%,1.50 ,0.42 ,2.41 ,(6.99),0.08
45,TATAMOTORS,Tata Motors Ltd.,AUTOMOBILES - 4 WHEELERS,"4,798,384,120"," 19,311 ",1.35%,1.25 ,0.38 ,2.47 ,2.43 ,0.07
46,TATAPOWER,Tata Power Co. Ltd.,POWER,"2,371,886,650"," 19,837 ",1.39%,0.80 ,0.45 ,1.57 ,(7.03),0.07
47,TATASTEEL,Tata Steel Ltd.,STEEL AND STEEL PRODUCTS,"8,873,890,170"," 35,075 ",2.45%,1.47 ,0.53 ,2.92 ,0.92 ,0.06
48,TCS,Tata Consultancy Services Ltd.,COMPUTERS - SOFTWARE,"1,957,220,996"," 38,281 ",2.68%,0.89 ,0.42 ,1.16 ,3.48 ,0.07
49,UNITECH,Unitech Ltd.,CONSTRUCTION,"4,777,602,094"," 9,652 ",0.68%,1.70 ,0.49 ,2.65 ,(3.16),0.08
50,WIPRO,Wipro Ltd.,COMPUTERS - SOFTWARE,"2,935,335,164"," 20,202 ",1.41%,0.79 ,0.38 ,1.55 ,4.56 ,0.08
,,,,," 1,428,908 ",100.00%,,,,,0.07
,,,,,,,,,,,
* Beta & R2 are calculated for the period 01-March-2009 to 28-February-2010,,,,,,,,,,,
,,,,,,,,,,,
* Beta measures the  degree to which any portfolio of stocks is affected as compared to the effect,,,,,,,,,,,
  on the market as a whole.,,,,,,,,,,,
,,,,,,,,,,,
* The coefficient of determination (R2) measures the strength of relationship between two variables,,,,,,,,,,,
   the return on  a security versus that of the market.,,,,,,,,,,,
,,,,,,,,,,,
* Volatility is the Std. deviation of the daily returns for the period 01-February- 2010 to 28-February- 2010,,,,,,,,
,,,,,,,,
* Last day of trading was 26-February-2010,,,,,,,,
,,,,,,,,
* Impact Cost for S&P CNX Nifty is for a portfolio of Rs. 50 Lakhs  ,,,,,,,,
,,,,,,,,
* Impact Cost for S&P CNX Nifty is the weightage average impact cost,,,,,,,,
,,,,,,,,
,,,,,,,,
,,,,,,,,
,,,,,,,,
,,,,,,,,
,,,,,,,,
,,,,,,,,
