Annexure II- Nifty Next 50 Index : December 2015,,,,,,,,,,,
,,,,,,,,,,,
Sr. No,Security Symbol,Security Name,Industry,Equity Capital (In Rs.),Free Float Market Capitalisation (Rs. Crores),Weightage (%),Beta,R2,Volatility (%),Monthly Return,Avg. Impact Cost (%)
1,APOLLOHOSP,Apollo Hospitals Enterprises Ltd.,MISCELLANEOUS,695625795,11180.61,1.97,0.98,0.23,1.35,11.5,0.03
2,ASHOKLEY,Ashok Leyland Ltd.,AUTOMOBILES - 4 WHEELERS,2845876634,12411.74,2.19,1.31,0.31,1.45,-7.08,0.04
3,AUROPHARMA,Aurobindo Pharma Ltd.,PHARMACEUTICALS,583964550,23572.96,4.16,1.24,0.29,1.31,8.18,0.02
4,BAJAJFINSV,Bajaj Finserv Ltd.,FINANCE,795773465,12035.74,2.13,0.85,0.18,1.68,3.07,0.07
5,BAJAJHLDNG,Bajaj Holdings & Investment Ltd.,FINANCE,1112935100,9917.94,1.75,0.26,0.03,1.64,-2.81,0.16
6,BANKINDIA,Bank of India,BANKS,7919131700,2458.73,0.43,1.63,0.42,1.05,-12.39,0.04
7,BHARATFORG,Bharat Forge Ltd.,CASTINGS/FORGINGS,465588632,11058.7,1.95,1.23,0.26,2.02,4.87,0.03
8,INFRATEL,Bharti Infratel Ltd.,TELECOMMUNICATION - EQUIPMENT,18966670690,22974.74,4.06,0.55,0.04,1.58,11.31,0.03
9,BRITANNIA,Britannia Industries Ltd.,FOOD AND FOOD PROCESSING,239951630,17531.71,3.1,0.63,0.12,1.72,1.48,0.03
10,CANBK,Canara Bank,BANKS,5429910540,3331.18,0.59,1.5,0.38,0.95,-14.44,0.04
11,COLPAL,Colgate Palmolive (India) Ltd.,PERSONAL CARE,271985634,12965.46,2.29,0.47,0.12,1.02,0.21,0.04
12,CONCOR,Container Corporation of India Ltd.,TRAVEL AND TRANSPORT,1949741910,9780.75,1.73,0.53,0.05,1.7,-5.55,0.06
13,CUMMINSIND,Cummins India Ltd.,DIESEL ENGINES,554400000,13994.3,2.47,0.82,0.2,1.27,3.92,0.07
14,DABUR,Dabur India Ltd.,PERSONAL CARE,1759141170,15550.02,2.75,0.54,0.11,1.38,1.61,0.03
15,DIVISLAB,Divi's Laboratories Ltd.,PHARMACEUTICALS,530937160,14690.53,2.59,0.67,0.17,0.85,0.4,0.04
16,EICHERMOT,Eicher Motors Ltd.,AUTOMOBILES - 4 WHEELERS,271540830,20638.98,3.65,1.1,0.26,1.81,0.76,0.03
17,EXIDEIND,Exide Industries Ltd.,AUTO ANCILLARIES,850000000,6722.71,1.19,0.78,0.18,0.99,-1.45,0.05
18,FEDERALBNK,Federal Bank Ltd.,BANKS,3438580100,9628.02,1.7,1.02,0.26,1.46,-4.6,0.06
19,GSKCONS,GlaxoSmithkline Consumer Healthcare Ltd.,FOOD AND FOOD PROCESSING,420555380,7420.64,1.31,0.26,0.04,1.92,9.22,0.08
20,GLAXO,Glaxosmithkline Pharmaceuticals Ltd.,PHARMACEUTICALS,847030170,7017.75,1.24,0.3,0.07,0.61,0.54,0.1
21,GLENMARK,Glenmark Pharmaceuticals Ltd.,PHARMACEUTICALS,282156156,12920.28,2.28,0.9,0.18,1.79,-6.02,0.02
22,GODREJCP,Godrej Consumer Products Ltd.,PERSONAL CARE,340532966,16497.37,2.91,0.7,0.09,1.72,7.48,0.05
23,HINDPETRO,Hindustan Petroleum Corporation Ltd.,REFINERIES,3386272500,13843.33,2.45,1.1,0.23,1.26,-0.46,0.03
24,IBULHSGFIN,Indiabulls Housing Finance Ltd.,FINANCE - HOUSING,841151362,22594.63,3.99,1.08,0.23,1.75,7.28,0.04
25,IOC,Indian Oil Corporation Ltd.,REFINERIES,24279524820,21076.97,3.72,0.72,0.16,1.18,1.78,0.03
26,JSWSTEEL,JSW Steel Ltd.,STEEL AND STEEL PRODUCTS,2417220440,10866.04,1.92,1.17,0.29,2.22,14.41,0.04
27,LICHSGFIN,LIC Housing Finance Ltd.,FINANCE - HOUSING,1009326000,15363.76,2.71,1.43,0.46,1.53,5.25,0.02
28,MRF,MRF Ltd.,TYRES,42411430,9751.88,1.72,1.12,0.37,0.71,2.6,0.04
29,M&MFIN,Mahindra & Mahindra Financial Services Ltd.,FINANCE,1137529920,6611.45,1.17,0.81,0.15,1.69,3.99,0.05
30,MARICO,Marico Ltd.,PERSONAL CARE,1290171198,11766.94,2.08,0.63,0.1,1.46,7.02,0.04
31,MOTHERSUMI,Motherson Sumi Systems Ltd.,AUTO ANCILLARIES,1322879040,13343.14,2.36,1.16,0.22,1.45,1.33,0.03
32,NMDC,NMDC Ltd.,MINING,3964716000,7123.03,1.26,0.75,0.16,1.52,-5.37,0.06
33,OIL,Oil India Ltd.,OIL EXPLORATION/PRODUCTION,6011359550,5400.85,0.95,0.67,0.14,1.93,1.46,0.04
34,OFSS,Oracle Financial Services Software Ltd.,COMPUTERS - SOFTWARE,423985960,8110.51,1.43,0.52,0.14,1.27,-2.22,0.04
35,PETRONET,Petronet LNG Ltd.,GAS,7500000440,7678.5,1.36,0.55,0.1,1.16,9.26,0.03
36,PFC,Power Finance Corporation Ltd.,FINANCIAL INSTITUTION,13200407040,8561.85,1.51,1.35,0.31,1.93,-5.58,0.04
37,RELCAPITAL,Reliance Capital Ltd.,FINANCE,2526328000,4937.47,0.87,1.49,0.38,2.08,0.11,0.03
38,RCOM,Reliance Communications Ltd.,TELECOMMUNICATION - SERVICES,12444898725,8851.51,1.56,1.66,0.27,2.52,16.42,0.05
39,RELINFRA,Reliance Infrastructure Ltd.,POWER,2629900000,7363.07,1.3,1.64,0.36,2.68,20.33,0.03
40,RECLTD,Rural Electrification Corporation Ltd.,FINANCIAL INSTITUTION,9874590000,8805.81,1.56,1.36,0.31,1.63,-3.06,0.04
41,SRTRANSFIN,Shriram Transport Finance Co. Ltd.,FINANCE,2268827360,12466.57,2.2,0.78,0.11,1.49,-1.76,0.04
42,SIEMENS,Siemens Ltd.,ELECTRICAL EQUIPMENT,712240510,10689.44,1.89,1.37,0.44,1.03,-3.01,0.04
43,SAIL,Steel Authority of India Ltd.,STEEL AND STEEL PRODUCTS,41305252890,4993.39,0.88,1.31,0.34,2.14,5.8,0.06
44,SUNDARMFIN,Sundaram Finance Ltd.,FINANCE,1111038600,9380.17,1.66,0.63,0.13,2,-5.41,0.15
45,TATACHEM,Tata Chemicals Ltd.,CHEMICALS - INORGANIC,2547562780,7058.72,1.25,1.12,0.36,1.58,-4.15,0.03
46,TATAGLOBAL,Tata Global Beverages Ltd.,TEA AND COFFEE,631129729,6050.15,1.07,1.11,0.38,1.59,6.29,0.05
47,TITAN,Titan Company Ltd.,"GEMS, JEWELLERY AND WATCHES",887786160,14468.46,2.56,0.49,0.08,1.45,-9.08,0.04
48,UPL,UPL Ltd.,PESTICIDES AND AGROCHEMICALS,857208548,13181.37,2.33,0.94,0.15,1.69,5.38,0.03
49,UBL,United Breweries Ltd.,BREW/DISTILLERIES,264405149,6344.85,1.12,1.05,0.2,1.53,-0.11,0.05
50,MCDOWELL-N,United Spirits Ltd.,BREW/DISTILLERIES,1307949680,15159.55,2.68,0.86,0.14,1.83,-4.02,0.03
,,,,,566144.28,,,,,,0.04
,,,,,,,,,,,
* Beta & R2 are calculated for the period 01-Jan-2015 to 31-Dec-2015,,,,,,,,,,,
,,,,,,,,,,,
* Beta measures the  degree to which any portfolio of stocks is affected as compared to the effect,,,,,,,,,,,
  on the market as a whole.,,,,,,,,,,,
,,,,,,,,,,,
* The coefficient of determination (R2) measures the strength of relationship between two variables,,,,,,,,,,,
   the return on  a security versus that of the market.,,,,,,,,,,,
,,,,,,,,,,,
* Volatility is the Std. deviation of the daily returns for the period 01-Dec-2015 to 31-Dec-2015,,,,,,,,,,,
,,,,,,,,,,,
* Last day of trading was 31-Dec-2015,,,,,,,,,,,
,,,,,,,,,,,
* Impact Cost for Nifty Next 50 is for a portfolio of Rs. 25 Lakhs  ,,,,,,,,,,,
,,,,,,,,,,,
* Impact Cost for Nifty Next 50 is the weightage average impact cost,,,,,,,,,,,
