Annexure II- CNX Nifty Jr. Index : December 2013,,,,,,,,,,,
,,,,,,,,,,,
Sr. No,Security Symbol,Security Name,Industry,Equity Capital,Free Float Market Capitalisation for Dec. 2013,Weightage,Beta,R2,Volatility,Monthly Return,Avg. Impact Cost Dec. 2013
,,,,(In Rs.),(Rs. Crores),%,,,%,,%
1,ADANIENT,Adani Enterprises Ltd.,TRADING,1099810083,7217.5037,1.883906202,1.483876602,0.290682461,2.319776039,-0.24700741,0.09
2,ADANIPORTS,Adani Ports and Special Economic Zone Ltd.,SHIPPING,4140103240,8042.1505,2.099154754,0.800286945,0.115146023,2.162909691,-1.614434948,0.09
3,ABIRLANUVO,Aditya Birla Nuvo Ltd.,DIVERSIFIED,1300801590,6736.7408,1.758417911,1.120761302,0.402664829,1.499446805,-0.472529233,0.1
4,APOLLOHOSP,Apollo Hospitals Enterprises Ltd.,MISCELLANEOUS,695625795,7215.6198,1.883414468,0.543724972,0.075446361,1.715417286,13.46361348,0.07
5,BAJAJFINSV,Bajaj Finserv Ltd.,FINANCE,795759305,4433.2875,1.157172641,0.57186286,0.145536759,1.619780436,1.406335336,0.13
6,BAJAJHLDNG,Bajaj Holdings & Investment Ltd.,FINANCE,1112935100,5450.3608,1.422648182,0.2455543,0.036783324,0.983642673,3.261438288,0.19
7,BANKINDIA,Bank of India,BANKS,6422630130,5089.6415,1.328493561,1.897954834,0.400558633,2.335154874,9.578632282,0.07
8,BHARATFORG,Bharat Forge Ltd.,CASTINGS/FORGINGS,465588632,4067.0483,1.061577221,0.849991858,0.183564211,1.843975643,10.01006036,0.08
9,BOSCHLTD,Bosch Ltd.,AUTO ANCILLARIES,313989000,9111.1492,2.378183816,0.184455508,0.029826832,2.245000269,15.78708283,0.12
10,CANBK,Canara Bank,BANKS,4430000000,4036.1738,1.053518387,1.783120602,0.430155762,2.984464335,13.62721417,0.07
11,COLPAL,Colgate Palmolive (India) Ltd.,PERSONAL CARE,135992817,9018.2481,2.353934856,0.479989293,0.116159821,1.15420843,7.153602534,0.08
12,CONCOR,Container Corporation of India Ltd.,TRAVEL AND TRANSPORT,1949741910,5253.7806,1.371336998,0.362327578,0.072314109,1.281192443,0.343666231,0.2
13,CROMPGREAV,Crompton Greaves Ltd.,ELECTRICAL EQUIPMENT,1259400382,4662.1432,1.216908346,1.241104164,0.280976312,2.148678961,3.042433947,0.09
14,CUMMINSIND,Cummins India Ltd.,DIESEL ENGINES,554400000,6508.1721,1.698757118,0.411943845,0.092341123,2.104457481,11.12012987,0.1
15,DABUR,Dabur India Ltd.,PERSONAL CARE,1743813073,9319.4102,2.432543911,0.49733936,0.111827926,1.050749745,2.837307576,0.06
16,DIVISLAB,Divi's Laboratories Ltd.,PHARMACEUTICALS,265468580,7759.506,2.025379146,0.474537842,0.102770524,1.539494611,5.9923631,0.07
17,EXIDEIND,Exide Industries Ltd.,AUTO ANCILLARIES,850000000,5650.8446,1.47497828,0.686119771,0.168243037,1.567823266,6.996957844,0.07
18,FEDERALBNK,Federal Bank Ltd.,BANKS,1712263900,7195.789,1.878238251,1.309059541,0.337930572,2.149820378,6.594800254,0.09
19,GSKCONS,GlaxoSmithkline Consumer Healthcare Ltd.,FOOD AND FOOD PROCESSING,420555380,5143.7222,1.342609655,0.677686365,0.083489015,1.156220948,-0.211238329,0.08
20,GLAXO,Glaxosmithkline Pharmaceuticals Ltd.,PHARMACEUTICALS,847030170,12528.5533,3.270191502,0.054961823,0.001015302,4.130067622,20.13863846,0.07
21,GLENMARK,Glenmark Pharmaceuticals Ltd.,PHARMACEUTICALS,271015553,7478.4355,1.952014382,0.400290626,0.054726158,1.085283358,3.48938645,0.07
22,GODREJCP,Godrej Consumer Products Ltd.,PERSONAL CARE,340378310,10712.3847,2.796136839,0.528942241,0.089796751,1.64603483,-3.100818978,0.1
23,HINDPETRO,Hindustan Petroleum Corporation Ltd.,REFINERIES,3386272500,3928.5124,1.025416707,1.168518051,0.274387041,2.528393055,10.39776692,0.09
24,IDBI,IDBI Bank Ltd.,BANKS,13327232410,2504.5412,0.653733049,1.301301183,0.500856396,1.711543057,2.467232074,0.08
25,IDEA,Idea Cellular Ltd.,TELECOMMUNICATION - SERVICES,33178235950,13457.8804,3.51276361,0.670222739,0.119952957,1.00438478,-4.873183243,0.06
26,JSWSTEEL,JSW Steel Ltd.,STEEL AND STEEL PRODUCTS,2417220440,11987.027,3.128842804,1.178075995,0.275475327,1.099780286,10.73975287,0.06
27,LICHSGFIN,LIC Housing Finance Ltd.,FINANCE - HOUSING,1009326000,6604.2645,1.723839068,1.659274485,0.514560211,1.51720015,5.383321317,0.06
28,M&MFIN,Mahindra & Mahindra Financial Services Ltd.,FINANCE,1137529920,8720.619,2.276247981,1.011702389,0.143600093,2.021264878,8.419273035,0.08
29,MPHASIS,MphasiS Ltd.,COMPUTERS - SOFTWARE,2101270990,3230.5487,0.843234861,0.37330068,0.039218284,1.723401889,10.15145826,0.09
30,OIL,Oil India Ltd.,OIL EXPLORATION/PRODUCTION,6011359550,6653.733,1.736751291,0.82132779,0.196313805,1.738985723,1.076270309,0.07
31,OFSS,Oracle Financial Services Software Ltd.,COMPUTERS - SOFTWARE,420488755,6940.3047,1.811551973,0.237043486,0.028983704,1.313791223,6.443440374,0.09
32,PETRONET,Petronet LNG Ltd.,GAS,7500000440,3661.5002,0.955721427,0.713774241,0.21873751,1.608523868,-7.782395164,0.07
33,PFC,Power Finance Corporation Ltd.,FINANCIAL INSTITUTION,13200399720,5792.7721,1.512024066,1.613300261,0.388639523,2.770798676,4.901036758,0.08
34,RELCAPITAL,Reliance Capital Ltd.,FINANCE,2456328000,4071.7574,1.062806386,1.828828917,0.567643006,2.181720459,-4.048314308,0.06
35,RCOM,Reliance Communications Ltd.,TELECOMMUNICATION - SERVICES,10320134405,8641.3313,2.255552378,1.768349563,0.289182887,1.586150193,-6.17105738,0.08
36,RPOWER,Reliance Power Ltd.,POWER,28051264660,5136.6668,1.340768061,1.382125218,0.391278991,1.50546838,1.808066759,0.07
37,RECLTD,Rural Electrification Corporation Ltd.,FINANCIAL INSTITUTION,9874590000,7232.4193,1.887799459,1.443731373,0.39475459,2.249067465,-2.755124532,0.09
38,SRTRANSFIN,Shriram Transport Finance Co. Ltd.,FINANCE,2268827360,11305.3168,2.950903432,0.921614611,0.17859381,1.541337741,13.7589852,0.09
39,SIEMENS,Siemens Ltd.,ELECTRICAL EQUIPMENT,712239770,5904.0225,1.541062543,1.058889416,0.241927636,1.560404006,7.715422724,0.08
40,SAIL,Steel Authority of India Ltd.,STEEL AND STEEL PRODUCTS,41305252890,5986.0588,1.562475583,1.037517223,0.272990551,0.991673294,6.465833946,0.07
41,TATACHEM,Tata Chemicals Ltd.,CHEMICALS - INORGANIC,2547562780,4828.0826,1.260221696,0.564621073,0.205471255,0.969791559,-1.079525009,0.09
42,TATAGLOBAL,Tata Global Beverages Ltd.,TEA AND COFFEE,618398570,6439.1043,1.680729104,0.758193446,0.1866112,1.382988768,7.756883815,0.06
43,TECHM,Tech Mahindra Ltd.,COMPUTERS - SOFTWARE,2330381950,27212.171,7.10289594,0.281094282,0.02911967,1.489467228,8.264852287,0.05
44,TITAN,Titan Company Ltd.,"GEMS, JEWELLERY AND WATCHES",887786160,9565.0623,2.496663797,1.033016518,0.195699875,1.253964634,0.196463654,0.08
45,UPL,UPL Ltd.,PESTICIDES AND AGROCHEMICALS,885208548,6232.405,1.626776642,0.815758617,0.156289489,2.224192149,18.4619988,0.08
46,UNIONBANK,Union Bank of India,BANKS,5967942090,3277.402,0.855464467,1.953389683,0.446606594,2.621445762,8.440748441,0.07
47,UBL,United Breweries Ltd.,BREW/DISTILLERIES,264405149,5150.235,1.34430962,0.808547275,0.08410233,1.735996764,-2.446251813,0.08
48,MCDOWELL-N,United Spirits Ltd.,BREW/DISTILLERIES,1307949680,20974.0198,5.474619429,0.778057422,0.133527698,1.495502258,-0.258096585,0.05
49,YESBANK,Yes Bank Ltd.,BANKS,3605310160,9931.1036,2.592207562,2.209949377,0.45662332,2.297148099,0.420453004,0.05
50,ZEEL,Zee Entertainment Enterprises Ltd.,MEDIA & ENTERTAINMENT,960242520,15114.223,3.945100638,0.732991435,0.140247279,1.687376097,6.712962963,0.09
,,,,Total,383113.7501,,,,,,0.08
,,,,,,,,,,,
* Beta & R2 are calculated for the period 01-Jan-2013 to 31-Dec-2013,,,,,,,,,,,
,,,,,,,,,,,
* Beta measures the  degree to which any portfolio of stocks is affected as compared to the effect,,,,,,,,,,,
  on the market as a whole.,,,,,,,,,,,
,,,,,,,,,,,
* The coefficient of determination (R2) measures the strength of relationship between two variables,,,,,,,,,,,
   the return on  a security versus that of the market.,,,,,,,,,,,
,,,,,,,,,,,
* Volatility is the Std. deviation of the daily returns for the period 01-Dec-2013 to 31-Dec-2013,,,,,,,,,,,
,,,,,,,,,,,
* Last day of trading was 31-Dec-2013,,,,,,,,,,,
,,,,,,,,,,,
* Impact Cost for CNX Nifty Jr. is for a portfolio of Rs. 25 Lakhs  ,,,,,,,,,,,
,,,,,,,,,,,
* Impact Cost for CNX Nifty Jr. is the weightage average impact cost,,,,,,,,,,,
