Annexure II- Nifty Next 50 Index : September 2016,,,,,,,,,,,
,,,,,,,,,,,
Sr. No,Security Symbol,Security Name,Industry,Equity Capital (In Rs.),Free Float Market Capitalisation (Rs. Crores),Weightage (%),Beta,R2,Volatility (%),Monthly Return,Avg. Impact Cost (%)
1,ABB,ABB India Ltd.,ELECTRICAL EQUIPMENT,423816750,6049.45,0.97,0.74,0.11,1.08,-1.43,0.07
2,APOLLOHOSP,Apollo Hospitals Enterprises Ltd.,MISCELLANEOUS,695625795,10049.98,1.61,0.59,0.12,1.48,-2.71,0.03
3,ASHOKLEY,Ashok Leyland Ltd.,AUTOMOBILES - 4 WHEELERS,2845876634,11326.59,1.81,1.12,0.24,2.81,-9.08,0.04
4,BAJFINANCE,Bajaj Finance Ltd.,FINANCE,1077443800,22184.62,3.55,0.88,0.14,2.39,-4.11,0.05
5,BAJAJFINSV,Bajaj Finserv Ltd.,FINANCE,795804810,18565.00,2.97,0.71,0.12,2.23,3.45,0.04
6,BEL,Bharat Electronics Ltd.,ELECTRONICS - INDUSTRIAL,2400000000,7468.50,1.19,1.00,0.29,1.23,1.99,0.03
7,BHARATFORG,Bharat Forge Ltd.,CASTINGS/FORGINGS,465588632,11237.54,1.80,1.14,0.26,1.84,7.12,0.03
8,BRITANNIA,Britannia Industries Ltd.,FOOD AND FOOD PROCESSING,239951630,19776.33,3.16,0.78,0.17,1.60,-2.79,0.02
9,CADILAHC,Cadila Healthcare Ltd.,PHARMACEUTICALS,1023742595,9925.18,1.59,0.61,0.08,1.42,1.81,0.04
10,CAIRN,Cairn India Ltd.,OIL EXPLORATION/PRODUCTION,18748624810,11251.99,1.80,1.47,0.29,1.89,0.45,0.05
11,CASTROLIND,Castrol India Ltd.,PETROCHEMICALS,2472805960,9395.67,1.50,0.63,0.11,3.11,6.24,0.04
12,COLPAL,Colgate Palmolive (India) Ltd.,PERSONAL CARE,271985634,12936.14,2.07,0.44,0.10,0.82,2.35,0.03
13,CONCOR,Container Corporation of India Ltd.,TRAVEL AND TRANSPORT,1949741910,11564.74,1.85,0.54,0.07,1.19,-1.09,0.03
14,CUMMINSIND,Cummins India Ltd.,DIESEL ENGINES,554400000,12299.23,1.97,0.63,0.13,1.03,-1.62,0.05
15,DLF,DLF Ltd.,CONSTRUCTION,3567810040,6517.94,1.04,2.14,0.44,3.63,-5.62,0.05
16,DABUR,Dabur India Ltd.,PERSONAL CARE,1761492970,15286.94,2.44,0.58,0.12,1.04,-6.68,0.03
17,DIVISLAB,Divi's Laboratories Ltd.,PHARMACEUTICALS,530937160,16448.01,2.63,0.55,0.11,0.88,-2.40,0.04
18,EMAMILTD,Emami Ltd.,PERSONAL CARE,226967619,7169.29,1.15,0.31,0.03,1.85,2.02,0.07
19,GSKCONS,GlaxoSmithkline Consumer Healthcare Ltd.,FOOD AND FOOD PROCESSING,420555380,7105.78,1.14,0.27,0.03,0.97,-3.78,0.06
20,GLAXO,Glaxosmithkline Pharmaceuticals Ltd.,PHARMACEUTICALS,847030170,5888.87,0.94,0.48,0.15,1.20,-8.34,0.06
21,GLENMARK,Glenmark Pharmaceuticals Ltd.,PHARMACEUTICALS,282168156,14070.68,2.25,0.84,0.17,2.10,9.79,0.03
22,GODREJCP,Godrej Consumer Products Ltd.,PERSONAL CARE,340600816,19995.33,3.20,1.02,0.23,1.73,4.61,0.04
23,HINDPETRO,Hindustan Petroleum Corporation Ltd.,REFINERIES,10158817500,21103.47,3.37,1.09,0.22,1.62,4.36,0.03
24,HINDZINC,Hindustan Zinc Ltd.,METALS,8450638000,5915.87,0.95,0.91,0.15,1.83,2.80,0.03
25,IBULHSGFIN,Indiabulls Housing Finance Ltd.,FINANCE - HOUSING,843791712,25133.52,4.02,1.30,0.29,2.19,1.00,0.03
26,IOC,Indian Oil Corporation Ltd.,REFINERIES,24279524820,29699.93,4.75,0.86,0.21,1.32,1.23,0.02
27,INDIGO,InterGlobe Aviation Ltd.,TRAVEL AND TRANSPORT,3612038060,3638.30,0.58,0.69,0.04,1.30,3.75,0.03
28,JSWSTEEL,JSW Steel Ltd.,STEEL AND STEEL PRODUCTS,2417220440,18392.97,2.94,0.67,0.12,2.18,-1.35,0.02
29,LICHSGFIN,LIC Housing Finance Ltd.,FINANCE - HOUSING,1009326000,17525.94,2.80,1.33,0.43,1.99,1.00,0.02
30,MARICO,Marico Ltd.,PERSONAL CARE,1290171198,14217.69,2.27,0.54,0.10,1.70,-5.49,0.04
31,MOTHERSUMI,Motherson Sumi Systems Ltd.,AUTO ANCILLARIES,1322879040,14302.97,2.29,1.60,0.29,2.08,-1.41,0.03
32,NHPC,NHPC Ltd.,POWER,110706684960,5812.10,0.93,0.92,0.22,2.01,-11.19,0.10
33,NMDC,NMDC Ltd.,MINING,3964716000,8389.34,1.34,1.19,0.22,2.94,-2.04,0.05
34,OIL,Oil India Ltd.,OIL EXPLORATION/PRODUCTION,6011359550,5531.83,0.88,0.48,0.09,1.03,4.06,0.04
35,OFSS,Oracle Financial Services Software Ltd.,COMPUTERS - SOFTWARE,424612085,7115.89,1.14,0.56,0.15,1.00,-6.76,0.05
36,PIDILITIND,Pidilite Industries Ltd.,CHEMICALS - SPECIALITY,512675330,10483.19,1.68,0.62,0.17,1.31,-2.43,0.03
37,PEL,Piramal Enterprises Ltd.,PHARMACEUTICALS,345126200,14911.09,2.38,0.55,0.06,1.28,0.00,0.05
38,PFC,Power Finance Corporation Ltd.,FINANCIAL INSTITUTION,26400814080,10163.26,1.62,1.39,0.25,2.24,-2.75,0.04
39,PGHH,Procter & Gamble Hygiene & Health Care Ltd.,PERSONAL CARE,324607360,6406.15,1.02,0.29,0.04,1.04,2.01,0.11
40,PNB,Punjab National Bank,BANKS,3927194980,10498.57,1.68,1.56,0.30,3.16,10.31,0.04
41,SHREECEM,Shree Cement Ltd.,CEMENT AND CEMENT PRODUCTS,348372250,14843.01,2.37,0.95,0.20,1.44,-0.77,0.05
42,SRTRANSFIN,Shriram Transport Finance Co. Ltd.,FINANCE,2268827360,16882.25,2.70,1.18,0.20,2.28,-6.01,0.03
43,SIEMENS,Siemens Ltd.,ELECTRICAL EQUIPMENT,712240510,11042.40,1.76,1.13,0.40,1.71,-2.03,0.04
44,SAIL,Steel Authority of India Ltd.,STEEL AND STEEL PRODUCTS,41305252890,4781.08,0.76,1.49,0.30,3.26,-3.94,0.06
45,TITAN,Titan Company Ltd.,"GEMS, JEWELLERY AND WATCHES",887786160,16485.92,2.64,0.81,0.18,1.97,-5.59,0.03
46,TORNTPHARM,Torrent Pharmaceuticals Ltd.,PHARMACEUTICALS,846113600,7967.50,1.27,0.97,0.23,1.39,-0.51,0.04
47,UPL,UPL Ltd.,PESTICIDES AND AGROCHEMICALS,857208548,20217.05,3.23,1.04,0.18,2.39,5.46,0.03
48,UBL,United Breweries Ltd.,BREW/DISTILLERIES,264405149,6214.58,0.99,0.44,0.06,1.77,11.16,0.04
49,MCDOWELL-N,United Spirits Ltd.,BREW/DISTILLERIES,1307949680,12581.37,2.01,0.59,0.07,1.78,6.63,0.03
50,VEDL,Vedanta Ltd.,MINING,2964694239,18872.80,3.02,2.53,0.41,2.32,1.21,0.03
,,,,,625643.84,,,,,,0.04
,,,,,,,,,,,
* Beta & R2 are calculated for the period 01-October-2015 to 30-September-2016,,,,,,,,,,,
,,,,,,,,,,,
* Beta measures the  degree to which any portfolio of stocks is affected as compared to the effect,,,,,,,,,,,
  on the market as a whole.,,,,,,,,,,,
,,,,,,,,,,,
* The coefficient of determination (R2) measures the strength of relationship between two variables,,,,,,,,,,,
   the return on  a security versus that of the market.,,,,,,,,,,,
,,,,,,,,,,,
* Volatility is the Std. deviation of the daily returns for the period 01-September-2016 to 30-September-2016,,,,,,,,,,,
,,,,,,,,,,,
* Last day of trading was 30-September-2016,,,,,,,,,,,
,,,,,,,,,,,
* Impact Cost for Nifty Next 50 is for a portfolio of Rs. 25 Lakhs  ,,,,,,,,,,,
,,,,,,,,,,,
* Impact Cost for Nifty Next 50 is the weightage average impact cost,,,,,,,,,,,
