Annexure II-  Nifty 50 Index : Apr 2022,,,,,,,,,,,
,,,,,,,,,,,
Sr. No,Security Symbol,Security Name,Industry,Equity Capital (In Rs.),Free Float Market Capitalisation (Rs. Crores),Weightage (%),Beta,R2,Volatility (%),Monthly Return,Avg. Impact Cost (%)
1,ADANIPORTS,Adani Ports and Special Economic Zone Ltd.,PORT,4224746460,61507.24,0.82,1.37,0.34,2.63,10.62,0.03
2,APOLLOHOSP,Apollo Hospitals Enterprise Ltd.,HOSPITAL,718923285,45473.17,0.61,0.83,0.11,2.15,-1.37,0.02
3,ASIANPAINT,Asian Paints Ltd.,PAINTS,959197790,145940.41,1.95,0.75,0.20,1.46,5.11,0.02
4,AXISBANK,Axis Bank Ltd.,PRIVATE SECTOR BANK,6139220726,192340.56,2.57,1.11,0.39,1.95,-4.28,0.02
5,BAJAJ-AUTO,Bajaj Auto Ltd.,MOTOR CYCLES/SCOOTERS,2893670200,48564.39,0.65,0.68,0.22,1.85,2.10,0.03
6,BAJFINANCE,Bajaj Finance Ltd.,NBFC,1210858466,177729.32,2.37,1.36,0.46,2.15,-8.10,0.02
7,BAJAJFINSV,Bajaj Finserv Ltd.,GENERAL INSURANCE,795687220,90171.05,1.20,1.31,0.42,1.44,-12.60,0.03
8,BPCL,Bharat Petroleum Corporation Ltd.,REFINERIES/MARKETING,21692527440,34609.13,0.46,0.90,0.25,2.27,0.90,0.02
9,BHARTIARTL,Bharti Airtel Ltd.,TELECOM - SERVICES,27460136340,174520.15,2.33,0.81,0.22,1.17,-2.11,0.02
10,BRITANNIA,Britannia Industries Ltd.,CONSUMER FOOD,240868296,38703.50,0.52,0.57,0.20,1.29,2.27,0.02
11,CIPLA,Cipla Ltd.,PHARMACEUTICALS,1613628072,50665.34,0.68,0.10,0.00,1.49,-3.62,0.02
12,COALINDIA,Coal India Ltd.,INDUSTRIAL MINERALS,61627283270,38313.07,0.51,0.87,0.13,2.92,-0.11,0.03
13,DIVISLAB,Divi's Laboratories Ltd.,PHARMACEUTICALS,530937160,57410.02,0.77,0.77,0.21,1.41,2.35,0.03
14,DRREDDY,Dr. Reddy's Laboratories Ltd.,PHARMACEUTICALS,832129245,50199.42,0.67,0.60,0.15,1.43,-3.81,0.02
15,EICHERMOT,Eicher Motors Ltd.,MOTOR CYCLES/SCOOTERS,273423102,36679.12,0.49,0.97,0.31,1.68,7.05,0.02
16,GRASIM,Grasim Industries Ltd.,CEMENT,1316590852,63499.90,0.85,1.22,0.45,1.96,1.70,0.03
17,HCLTECH,HCL Technologies Ltd.,COMPUTERS - SOFTWARE,5427330192,114220.20,1.53,0.81,0.26,1.30,-7.26,0.02
18,HDFCBANK,HDFC Bank Ltd.,PRIVATE SECTOR BANK,5544652376,606492.93,8.10,1.13,0.51,3.08,-5.83,0.02
19,HDFCLIFE,HDFC Life Insurance Company Ltd.,LIFE INSURANCE,21125226940,54134.66,0.72,0.96,0.34,2.32,8.21,0.02
20,HEROMOTOCO,Hero MotoCorp Ltd.,MOTOR CYCLES/SCOOTERS,399623882,32555.81,0.43,0.90,0.32,1.87,9.26,0.02
21,HINDALCO,Hindalco Industries Ltd.,ALUMINIUM,2247172724,70498.86,0.94,1.14,0.21,2.00,-15.25,0.02
22,HINDUNILVR,Hindustan Unilever Ltd.,DIVERSIFIED,2349591262,199537.39,2.67,0.64,0.22,1.86,9.09,0.02
23,HDFC,Housing Development Finance Corporation Ltd.,HOUSING FINANCE,3618452048,403403.13,5.39,1.30,0.54,3.12,-6.72,0.02
24,ICICIBANK,ICICI Bank Ltd.,PRIVATE SECTOR BANK,13896930854,516479.44,6.90,1.09,0.43,1.05,1.78,0.03
25,ITC,ITC Ltd.,CIGARETTES & RELATED PRODUCTS,12323255932,227093.58,3.03,0.84,0.28,1.60,3.55,0.03
26,INDUSINDBK,IndusInd Bank Ltd.,PRIVATE SECTOR BANK,7746520180,63675.00,0.85,1.36,0.35,1.67,4.61,0.03
27,INFY,Infosys Ltd.,COMPUTERS - SOFTWARE,21033693205,573701.76,7.66,0.90,0.37,2.12,-17.79,0.02
28,JSWSTEEL,JSW Steel Ltd.,STEEL,2417220440,70307.27,0.94,1.24,0.31,1.42,-0.75,0.03
29,KOTAKBANK,Kotak Mahindra Bank Ltd.,PRIVATE SECTOR BANK,9921868655,262960.28,3.51,1.14,0.45,1.53,2.10,0.02
30,LT,Larsen & Toubro Ltd.,ENGINEERING-DESIGNING-CONSTRUCTION,2809931704,204723.33,2.74,1.04,0.46,1.62,-4.15,0.03
31,M&M,Mahindra & Mahindra Ltd.,PASSENGER/UTILITY VEHICLES,6215962720,88268.78,1.18,0.97,0.30,1.50,14.33,0.02
32,MARUTI,Maruti Suzuki India Ltd.,PASSENGER/UTILITY VEHICLES,1510400300,102581.31,1.37,0.90,0.23,1.50,2.07,0.03
33,NTPC,NTPC Ltd.,POWER,96966661340,74216.34,0.99,0.73,0.17,2.36,15.70,0.03
34,NESTLEIND,Nestle India Ltd.,CONSUMER FOOD,964157160,65391.17,0.87,0.38,0.11,1.19,5.46,0.03
35,ONGC,Oil & Natural Gas Corporation Ltd.,OIL EXPLORATION,62901396030,58536.67,0.78,0.49,0.05,1.62,-2.10,0.02
36,POWERGRID,Power Grid Corporation of India Ltd.,POWER - TRANSMISSION,69754528640,77844.31,1.04,0.51,0.09,1.94,5.05,0.03
37,RELIANCE,Reliance Industries Ltd.,REFINERIES/MARKETING,67648761980,962660.49,12.86,1.09,0.44,1.74,5.90,0.02
38,SBILIFE,SBI Life Insurance Company Ltd.,LIFE INSURANCE,10003705620,48660.02,0.65,0.77,0.23,2.17,-1.42,0.03
39,SHREECEM,Shree Cement Ltd.,CEMENT,360807480,34604.88,0.46,0.97,0.32,1.53,7.86,0.03
40,SBIN,State Bank of India,PUBLIC SECTOR BANK,8924611534,190459.24,2.54,1.20,0.45,1.52,0.56,0.02
41,SUNPHARMA,Sun Pharmaceutical Industries Ltd.,PHARMACEUTICALS,2399334970,100266.41,1.34,0.69,0.18,1.35,1.52,0.02
42,TCS,Tata Consultancy Services Ltd.,COMPUTERS - SOFTWARE,3699051373,367343.91,4.91,0.74,0.32,1.42,-5.17,0.02
43,TATACONSUM,Tata Consumer Products Ltd.,TEA &  COFFEE,921551715,49343.33,0.66,0.94,0.31,1.89,5.96,0.02
44,TATAMOTORS,Tata Motors Ltd.,PASSENGER/UTILITY VEHICLES,6641324014,78468.57,1.05,1.68,0.35,1.90,0.89,0.02
45,TATASTEEL,Tata Steel Ltd.,STEEL,12221189640,102522.70,1.37,1.31,0.28,1.68,-2.77,0.02
46,TECHM,Tech Mahindra Ltd.,COMPUTERS - SOFTWARE,4856894060,78269.82,1.05,1.08,0.32,1.48,-16.04,0.02
47,TITAN,Titan Company Ltd.,"GEMS, JEWELLERY AND WATCHES",887786160,102570.73,1.37,1.07,0.32,1.74,-3.07,0.02
48,UPL,UPL Ltd.,PESTICIDES AND AGROCHEMICALS,1528090912,45268.78,0.60,0.81,0.18,1.46,6.93,0.03
49,ULTRACEMCO,UltraTech Cement Ltd.,CEMENT,2886667580,76557.31,1.02,0.93,0.35,1.31,0.42,0.03
50,WIPRO,Wipro Ltd.,COMPUTERS - SOFTWARE,10964140230,75310.49,1.01,0.98,0.33,1.43,-14.04,0.02
,,,,,7485254.72,,,,,,0.02
,,,,,,,,,,,
* Beta & R2 are calculated for the period 01-May-2021 to 29-April-2022,,,,,,,,,,,
,,,,,,,,,,,
* Beta measures the  degree to which any portfolio of stocks is affected as compared to the effect,,,,,,,,,,,
  on the market as a whole.,,,,,,,,,,,
,,,,,,,,,,,
* The coefficient of determination (R2) measures the strength of relationship between two variables,,,,,,,,,,,
   the return on  a security versus that of the market.,,,,,,,,,,,
,,,,,,,,,,,
* Volatility is the Std. deviation of the daily returns for the period  01-May-2021 to 29-April-2022,,,,,,,,,,,
,,,,,,,,,,,
* Last day of trading was 29-April-2022,,,,,,,,,,,
,,,,,,,,,,,
* Impact Cost for Nifty 50 is for a portfolio of Rs. 50 Lakhs  ,,,,,,,,,,,
,,,,,,,,,,,
* Impact Cost for Nifty 50 is the weightage average impact cost,,,,,,,,,,,
