Annexure II- Nifty Next 50 Index : Apr 2023,,,,,,,,,,,
,,,,,,,,,,,
Sr. No,Security Symbol,Security Name,Industry,Equity Capital (In Rs.),Free Float Market Capitalisation (Rs. Crores),Weightage (%),Beta,R2,Volatility (%),Monthly Return,Avg. Impact Cost (%)
1,ABB,ABB India Ltd.,POWER EQUIPMENT,423816750,20769.17,1.65,0.70,0.09,1.57,1.57,0.02
2,ACC,ACC Ltd.,CEMENT,1877872630,16327.33,1.30,1.08,0.23,1.07,5.74,0.02
3,ADANIGREEN,Adani Green Energy Ltd.,POWER,15840324780,12591.47,1.00,1.16,0.06,3.11,7.93,1.28
4,ATGL,Adani Total Gas Ltd.,LPG/CNG/PNG/LNG SUPPLIER,1099810083,12065.60,0.96,1.53,0.11,3.02,8.90,1.14
5,ADANITRANS,Adani Transmission Ltd.,POWER - TRANSMISSION,11154926830,12798.02,1.02,1.32,0.09,3.29,3.67,1.37
6,AWL,Adani Wilmar Ltd.,EDIBLE OIL,1299678605,2982.74,0.24,1.41,0.16,1.42,1.48,0.04
7,AMBUJACEM,Ambuja Cements Ltd.,CEMENT,3971290458,33412.72,2.65,1.10,0.13,1.34,8.47,0.03
8,DMART,Avenue Supermarts Ltd.,DIVERSIFIED RETAIL,6477746910,23240.98,1.84,0.85,0.16,1.75,3.26,0.03
9,BAJAJHLDNG,Bajaj Holdings & Investment Ltd.,HOLDING COMPANIES,1112935100,13802.40,1.10,0.70,0.10,1.54,15.67,0.04
10,BANKBARODA,Bank of Baroda,PUBLIC SECTOR BANK,10342724358,40091.54,3.18,1.53,0.32,1.21,11.19,0.02
11,BERGEPAINT,Berger Paints India Ltd.,PAINTS,971422485,16321.63,1.30,0.80,0.20,1.33,4.93,0.03
12,BEL,Bharat Electronics Ltd.,DEFENSE,7309778829,42439.08,3.37,0.97,0.22,0.97,5.89,0.03
13,BOSCHLTD,Bosch Ltd.,AUTO ANCILLARIES,294936400,19004.78,1.51,1.01,0.34,0.88,0.01,0.03
14,CANBK,Canara Bank,PUBLIC SECTOR BANK,18141302520,24440.54,1.94,1.72,0.40,1.23,11.60,0.03
15,CHOLAFIN,Cholamandalam Investment and Finance Company Ltd.,NBFC,1644059012,39424.12,3.13,1.24,0.28,2.08,14.42,0.03
16,COLPAL,Colgate Palmolive (India) Ltd.,PERSONAL CARE,271985634,24383.46,1.94,0.37,0.08,0.79,5.82,0.02
17,DLF,DLF Ltd.,RESIDENTIAL/COMMERCIAL/SEZ Project,4950630072,30251.66,2.40,1.40,0.41,1.87,19.48,0.03
18,DABUR,Dabur India Ltd.,PERSONAL CARE,1771763464,35738.04,2.84,0.58,0.15,1.21,-2.20,0.02
19,NYKAA,FSN E-Commerce Ventures Ltd.,E-RETAIL/ E-COMMERCE,2851645495,7792.68,0.62,0.83,0.06,2.79,-1.33,0.04
20,GAIL,GAIL (India) Ltd.,GAS TRANSMISSION/MARKETING,65750996440,33178.08,2.63,0.60,0.10,0.99,2.04,0.03
21,GODREJCP,Godrej Consumer Products Ltd.,PERSONAL CARE,1022695318,39387.64,3.13,0.47,0.07,1.54,-6.26,0.03
22,HDFCAMC,HDFC Asset Management Company Ltd.,ASSET MANAGEMENT COMPANIES,1067123580,15980.27,1.27,0.98,0.26,1.01,3.31,0.03
23,HAVELLS,Havells India Ltd.,CONSUMER ELECTRONICS,626509738,35361.35,2.81,0.82,0.22,0.94,3.51,0.03
24,HAL,Hindustan Aeronautics Ltd.,AEROSPACE,3343875000,28000.64,2.22,0.99,0.16,1.05,6.92,0.02
25,ICICIGI,ICICI Lombard General Insurance Company Ltd.,GENERAL INSURANCE,4911221030,31611.12,2.51,0.63,0.14,1.56,0.90,0.04
26,ICICIPRULI,ICICI Prudential Life Insurance Company Ltd.,LIFE INSURANCE,14385713960,19357.54,1.54,0.82,0.17,1.42,-0.28,0.04
27,IOC,Indian Oil Corporation Ltd.,REFINERIES/MARKETING,141212383830,34279.61,2.72,0.50,0.13,0.79,4.49,0.04
28,IRCTC,Indian Railway Catering And Tourism Corporation Ltd.,TRAVEL,1600000000,21542.04,1.71,1.11,0.33,0.81,7.86,0.03
29,INDUSTOWER,Indus Towers Ltd.,TELECOM - INFRASTRUCTURE,26949369500,14852.77,1.18,0.77,0.09,2.03,8.39,0.04
30,NAUKRI,Info Edge (India) Ltd.,E-RETAIL/ E-COMMERCE,1291841200,33572.27,2.66,1.57,0.35,1.58,1.41,0.03
31,INDIGO,InterGlobe Aviation Ltd.,AIRLINES,3855470990,25023.98,1.99,0.86,0.18,0.99,5.77,0.03
32,LTIM,LTIMindtree Ltd.,COMPUTERS - SOFTWARE,295818032,46485.75,3.69,1.41,0.36,2.36,-7.15,0.03
33,LICI,Life Insurance Corporation of India,LIFE INSURANCE,63249977010,4845.35,0.38,0.81,0.18,0.71,2.91,0.02
34,MARICO,Marico Ltd.,PERSONAL CARE,1293057698,29449.30,2.34,0.44,0.09,1.08,3.46,0.03
35,MUTHOOTFIN,Muthoot Finance Ltd.,NBFC,4014472960,12689.83,1.01,0.74,0.13,1.00,4.16,0.03
36,PIIND,PI Industries Ltd.,PESTICIDES AND AGROCHEMICALS,151718118,31215.70,2.48,0.82,0.14,2.74,11.69,0.04
37,PAGEIND,Page Industries Ltd.,FABRICS AND GARMENTS,111538740,27855.62,2.21,0.67,0.13,1.56,6.38,0.03
38,PIDILITIND,Pidilite Industries Ltd.,CHEMICALS - SPECIALITY,508314240,42315.51,3.36,0.68,0.21,0.96,2.82,0.02
39,PGHH,Procter & Gamble Hygiene & Health Care Ltd.,PERSONAL CARE,324607360,6122.12,0.49,0.25,0.04,1.35,4.99,0.06
40,SBICARD,SBI Cards and Payment Services Ltd.,NBFC,9460743890,25978.27,2.06,1.06,0.31,1.11,4.33,0.03
41,SRF,SRF Ltd.,CHEMICALS - SPECIALITY,2964248250,42320.66,3.36,1.01,0.24,0.83,5.32,0.02
42,MOTHERSON,Samvardhana Motherson International Ltd.,AUTO ANCILLARIES,6776421366,17115.24,1.36,1.16,0.21,0.56,9.39,0.05
43,SHREECEM,Shree Cement Ltd.,CEMENT,360807480,37261.82,2.96,0.67,0.11,1.17,-7.07,0.03
44,SIEMENS,Siemens Ltd.,POWER EQUIPMENT,712240510,35226.60,2.80,0.82,0.21,1.14,3.68,0.02
45,TATAPOWER,Tata Power Co. Ltd.,POWER,3195339547,33904.10,2.69,1.16,0.33,0.85,5.70,0.03
46,TORNTPHARM,Torrent Pharmaceuticals Ltd.,PHARMACEUTICALS,1692227200,17318.36,1.37,0.53,0.13,0.96,7.49,0.03
47,MCDOWELL-N,United Spirits Ltd.,BREW/DISTILLERIES,1454701706,25934.27,2.06,0.88,0.22,1.02,2.76,0.03
48,VBL,Varun Beverages Ltd.,BEVERAGES,6495580320,15693.07,1.25,0.79,0.08,2.21,4.20,0.03
49,VEDL,Vedanta Ltd.,ALUMINIUM,3717199039,35731.48,2.84,1.59,0.26,1.57,1.79,0.02
50,ZOMATO,Zomato Ltd.,E-RETAIL/ E-COMMERCE,8553509770,12373.42,0.98,1.59,0.13,2.12,27.25,0.05
,,,,,1259861.76,,,,,,0.11
,,,,,,,,,,,
* Beta & R2 are calculated for the period 01-May-2022 to 28-Apr-2023,,,,,,,,,,,
,,,,,,,,,,,
* Beta measures the  degree to which any portfolio of stocks is affected as compared to the effect,,,,,,,,,,,
  on the market as a whole.,,,,,,,,,,,
,,,,,,,,,,,
* The coefficient of determination (R2) measures the strength of relationship between two variables,,,,,,,,,,,
   the return on  a security versus that of the market.,,,,,,,,,,,
,,,,,,,,,,,
* Volatility is the Std. deviation of the daily returns for the period  01-May-2022 to 28-Apr-2023,,,,,,,,,,,
,,,,,,,,,,,
* Last day of trading was 28-Apr-2023,,,,,,,,,,,
,,,,,,,,,,,
* Impact Cost for Nifty Next 50 is for a portfolio of Rs. 25 Lakhs  ,,,,,,,,,,,
,,,,,,,,,,,
* Impact Cost for Nifty Next 50 is the weightage average impact cost,,,,,,,,,,,
