Annexure II-  Nifty 50 Index : May 2021,,,,,,,,,,,
,,,,,,,,,,,
Sr. No,Security Symbol,Security Name,Industry,Equity Capital (In Rs.),Free Float Market Capitalisation (Rs. Crores),Weightage (%),Beta,R2,Volatility (%),Monthly Return,Avg. Impact Cost (%)
1,ADANIPORTS,Adani Ports and Special Economic Zone Ltd.,PORT,4063503522,56287.24,0.84,1.07,0.26,2.07,5.41,0.03
2,ASIANPAINT,Asian Paints Ltd.,PAINTS,959197790,134232.54,1.99,0.66,0.16,2.03,17.39,0.02
3,AXISBANK,Axis Bank Ltd.,PRIVATE SECTOR BANK,6126763828,188573.83,2.80,1.52,0.44,1.66,5.01,0.02
4,BAJAJ-AUTO,Bajaj Auto Ltd.,MOTOR CYCLES/SCOOTERS,2893670200,54596.61,0.81,0.68,0.20,1.46,9.37,0.02
5,BAJFINANCE,Bajaj Finance Ltd.,NBFC,1205174678,149218.58,2.21,1.68,0.46,1.60,3.23,0.02
6,BAJAJFINSV,Bajaj Finserv Ltd.,GENERAL INSURANCE,795687220,71395.33,1.06,1.51,0.43,1.58,6.93,0.03
7,BPCL,Bharat Petroleum Corporation Ltd.,REFINERIES/MARKETING,21692527440,44027.15,0.65,0.96,0.21,1.44,11.90,0.02
8,BHARTIARTL,Bharti Airtel Ltd.,TELECOM - SERVICES,27460136340,129258.16,1.92,0.81,0.20,1.59,-0.34,0.02
9,BRITANNIA,Britannia Industries Ltd.,CONSUMER FOOD,240868296,40693.41,0.60,0.31,0.07,1.08,-0.03,0.02
10,CIPLA,Cipla Ltd.,PHARMACEUTICALS,1612920892,48233.63,0.72,0.39,0.05,1.42,4.28,0.02
11,COALINDIA,Coal India Ltd.,INDUSTRIAL MINERALS,61627283270,30947.99,0.46,0.93,0.25,2.69,11.01,0.04
12,DIVISLAB,Divi's Laboratories Ltd.,PHARMACEUTICALS,530937160,53442.01,0.79,0.67,0.15,1.10,3.24,0.03
13,DRREDDY,Dr. Reddy's Laboratories Ltd.,PHARMACEUTICALS,831501845,64452.69,0.96,0.22,0.02,1.27,2.83,0.02
14,EICHERMOT,Eicher Motors Ltd.,MOTOR CYCLES/SCOOTERS,273335922,37305.88,0.55,1.03,0.32,1.59,10.51,0.02
15,GRASIM,Grasim Industries Ltd.,CEMENT,1315902008,56142.70,0.83,0.93,0.27,1.49,4.95,0.02
16,HCLTECH,HCL Technologies Ltd.,COMPUTERS - SOFTWARE,5427330192,102598.25,1.52,0.67,0.15,0.61,5.14,0.02
17,HDFCBANK,HDFC Bank Ltd.,PRIVATE SECTOR BANK,5512776482,660166.84,9.79,1.26,0.56,1.72,7.33,0.02
18,HDFCLIFE,HDFC Life Insurance Company Ltd.,LIFE INSURANCE,20209439660,55175.61,0.82,0.61,0.20,0.73,0.12,0.02
19,HEROMOTOCO,Hero MotoCorp Ltd.,MOTOR CYCLES/SCOOTERS,399560434,39054.54,0.58,0.76,0.20,1.36,6.68,0.02
20,HINDALCO,Hindalco Industries Ltd.,ALUMINIUM,2246684247,57574.09,0.85,1.35,0.30,2.88,8.19,0.03
21,HINDUNILVR,Hindustan Unilever Ltd.,DIVERSIFIED,2349564645,208927.75,3.10,0.39,0.12,1.17,-0.58,0.02
22,HDFC,Housing Development Finance Corporation Ltd.,HOUSING FINANCE,3602421566,459822.09,6.82,1.33,0.51,1.65,5.49,0.02
23,ICICIBANK,ICICI Bank Ltd.,PRIVATE SECTOR BANK,13830908690,458321.74,6.80,1.64,0.58,1.73,10.37,0.02
24,ITC,ITC Ltd.,CIGARETTES & RELATED PRODUCTS,12307869772,189277.81,2.81,0.64,0.18,1.25,6.91,0.03
25,IOC,Indian Oil Corporation Ltd.,REFINERIES/MARKETING,94141589220,27769.42,0.41,0.95,0.29,2.08,20.25,0.04
26,INDUSINDBK,IndusInd Bank Ltd.,PRIVATE SECTOR BANK,7731551870,57174.05,0.85,1.78,0.37,2.38,8.35,0.03
27,INFY,Infosys Ltd.,COMPUTERS - SOFTWARE,21299439990,516538.04,7.66,0.68,0.19,1.00,2.91,0.02
28,JSWSTEEL,JSW Steel Ltd.,STEEL,2417220440,68736.08,1.02,1.13,0.29,2.00,-0.97,0.03
29,KOTAKBANK,Kotak Mahindra Bank Ltd.,PRIVATE SECTOR BANK,9908108840,265081.15,3.93,1.18,0.40,1.54,3.37,0.02
30,LT,Larsen & Toubro Ltd.,ENGINEERING-DESIGNING-CONSTRUCTION,2808870286,177270.89,2.63,1.02,0.38,1.30,9.49,0.03
31,M&M,Mahindra & Mahindra Ltd.,PASSENGER/UTILITY VEHICLES,6215962720,77341.68,1.15,1.26,0.34,2.21,7.36,0.02
32,MARUTI,Maruti Suzuki India Ltd.,PASSENGER/UTILITY VEHICLES,1510400300,94187.72,1.40,0.87,0.30,1.03,9.77,0.02
33,NTPC,NTPC Ltd.,POWER,96966661340,52502.60,0.78,0.78,0.19,1.50,7.86,0.04
34,NESTLEIND,Nestle India Ltd.,CONSUMER FOOD,964157160,63126.78,0.94,0.32,0.07,1.05,8.50,0.03
35,ONGC,Oil & Natural Gas Corporation Ltd.,OIL EXPLORATION,62901396030,41462.71,0.62,0.93,0.19,1.63,5.09,0.03
36,POWERGRID,Power Grid Corporation of India Ltd.,POWER - TRANSMISSION,52315896480,57844.90,0.86,0.80,0.21,1.39,2.54,0.03
37,RELIANCE,Reliance Industries Ltd.,REFINERIES/MARKETING,63394419200,698449.92,10.36,0.96,0.30,1.74,8.31,0.02
38,SBILIFE,SBI Life Insurance Company Ltd.,LIFE INSURANCE,10000697480,38053.00,0.56,0.58,0.17,1.45,5.06,0.03
39,SHREECEM,Shree Cement Ltd.,CEMENT,360807480,36816.29,0.55,1.02,0.32,1.41,-1.19,0.03
40,SBIN,State Bank of India,PUBLIC SECTOR BANK,8924611534,162847.83,2.42,1.57,0.48,1.82,20.04,0.02
41,SUNPHARMA,Sun Pharmaceutical Industries Ltd.,PHARMACEUTICALS,2399334970,72156.40,1.07,0.70,0.18,2.04,2.12,0.02
42,TCS,Tata Consultancy Services Ltd.,COMPUTERS - SOFTWARE,3699051373,327204.03,4.85,0.59,0.17,0.79,4.07,0.02
43,TATACONSUM,Tata Consumer Products Ltd.,TEA &  COFFEE,921551715,39765.19,0.59,0.64,0.15,1.65,-0.84,0.03
44,TATAMOTORS,Tata Motors Ltd.,PASSENGER/UTILITY VEHICLES,6640615530,57150.80,0.85,1.66,0.32,2.39,8.47,0.03
45,TATASTEEL,Tata Steel Ltd.,STEEL,11965877200,87551.03,1.30,1.21,0.27,2.89,8.86,0.03
46,TECHM,Tech Mahindra Ltd.,COMPUTERS - SOFTWARE,4841300335,63310.27,0.94,0.70,0.17,0.94,6.38,0.03
47,TITAN,Titan Company Ltd.,"GEMS, JEWELLERY AND WATCHES",887786160,66605.05,0.99,0.85,0.26,1.88,7.01,0.02
48,UPL,UPL Ltd.,PESTICIDES AND AGROCHEMICALS,1528090912,44839.69,0.67,0.91,0.16,2.50,34.31,0.03
49,ULTRACEMCO,UltraTech Cement Ltd.,CEMENT,2886414540,77448.27,1.15,0.95,0.35,1.21,6.83,0.03
50,WIPRO,Wipro Ltd.,COMPUTERS - SOFTWARE,10958221110,79744.89,1.18,0.67,0.11,1.59,9.40,0.02
,,,,,6740705.15,,,,,,0.02
,,,,,,,,,,,
* Beta & R2 are calculated for the period 01-June-2020 to 31-May-2021,,,,,,,,,,,
,,,,,,,,,,,
* Beta measures the  degree to which any portfolio of stocks is affected as compared to the effect,,,,,,,,,,,
  on the market as a whole.,,,,,,,,,,,
,,,,,,,,,,,
* The coefficient of determination (R2) measures the strength of relationship between two variables,,,,,,,,,,,
   the return on  a security versus that of the market.,,,,,,,,,,,
,,,,,,,,,,,
* Volatility is the Std. deviation of the daily returns for the period 01-June-2020 to 31-May-2021,,,,,,,,,,,
,,,,,,,,,,,
* Last day of trading was 31-May-2021,,,,,,,,,,,
,,,,,,,,,,,
* Impact Cost for Nifty 50 is for a portfolio of Rs. 50 Lakhs  ,,,,,,,,,,,
,,,,,,,,,,,
* Impact Cost for Nifty 50 is the weightage average impact cost,,,,,,,,,,,
