Annexure II- Nifty Next 50 Index : Oct 2021,,,,,,,,,,,
,,,,,,,,,,,
Sr. No,Security Symbol,Security Name,Industry,Equity Capital (In Rs.),Free Float Market Capitalisation (Rs. Crores),Weightage (%),Beta,R2,Volatility (%),Monthly Return,Avg. Impact Cost (%)
1,ACC,ACC Ltd.,CEMENT,1877872630,20758.76,1.61,0.75,0.20,1.47,3.50,0.03
2,ADANIENT,Adani Enterprises Ltd.,TRADING - MINERALS/ MINING,1099810083,41207.78,3.19,1.37,0.19,3.27,-3.03,0.03
3,ADANIGREEN,Adani Green Energy Ltd.,POWER,15640142800,36509.66,2.83,0.55,0.04,2.07,0.55,0.05
4,ADANITRANS,Adani Transmission Ltd.,POWER - TRANSMISSION,10998100830,37845.43,2.93,0.89,0.06,2.63,13.40,0.20
5,AMBUJACEM,Ambuja Cements Ltd.,CEMENT,3971290458,31309.59,2.43,0.79,0.18,1.90,1.15,0.03
6,APOLLOHOSP,Apollo Hospitals Enterprise Ltd.,HOSPITAL,718923285,45160.90,3.50,0.70,0.08,1.63,-4.90,0.02
7,AUROPHARMA,Aurobindo Pharma Ltd.,PHARMACEUTICALS,585938609,20411.11,1.58,0.63,0.10,1.49,-4.89,0.03
8,DMART,Avenue Supermarts Ltd.,DIVERSIFIED RETAIL,6477746910,53785.43,4.17,0.80,0.14,3.60,9.06,0.05
9,BAJAJHLDNG,Bajaj Holdings & Investment Ltd.,HOLDING COMPANIES,1112935100,18837.51,1.46,0.50,0.09,1.19,0.44,0.05
10,BANDHANBNK,Bandhan Bank Ltd.,PRIVATE SECTOR BANK,16107006270,20756.86,1.61,1.14,0.21,3.17,2.99,0.03
11,BANKBARODA,Bank of Baroda,PUBLIC SECTOR BANK,10342724358,19109.33,1.48,1.38,0.20,2.56,19.27,0.05
12,BERGEPAINT,Berger Paints India Ltd.,PAINTS,971295037,18955.53,1.47,0.81,0.28,1.84,-8.34,0.03
13,BIOCON,Biocon Ltd.,PHARMACEUTICALS,6003000000,16863.44,1.31,0.79,0.18,2.03,-3.20,0.04
14,BOSCHLTD,Bosch Ltd.,AUTO ANCILLARIES,294936400,15264.71,1.18,0.84,0.16,2.83,9.55,0.04
15,CADILAHC,Cadila Healthcare Ltd.,PHARMACEUTICALS,1023742595,13547.51,1.05,0.59,0.09,1.42,-8.89,0.03
16,CHOLAFIN,Cholamandalam Investment and Finance Company Ltd.,NBFC,1641296888,25493.56,1.98,1.39,0.23,2.38,8.95,0.04
17,COLPAL,Colgate Palmolive (India) Ltd.,PERSONAL CARE,271985634,21643.57,1.68,0.26,0.05,1.02,-7.60,0.03
18,DLF,DLF Ltd.,RESIDENTIAL/COMMERCIAL/SEZ Project,4950630072,25968.17,2.01,1.76,0.37,2.46,-4.46,0.04
19,DABUR,Dabur India Ltd.,PERSONAL CARE,1767856483,35981.63,2.79,0.32,0.07,1.05,-5.06,0.02
20,GAIL,GAIL (India) Ltd.,GAS TRANSMISSION/MARKETING,44403852250,28529.02,2.21,0.96,0.17,1.81,-6.30,0.04
21,GLAND,Gland Pharma Ltd.,PHARMACEUTICALS,164237173,14198.38,1.10,0.13,0.00,2.41,-0.53,0.04
22,GODREJCP,Godrej Consumer Products Ltd.,PERSONAL CARE,1022543380,38103.95,2.95,0.46,0.05,2.00,-7.11,0.04
23,HDFCAMC,HDFC Asset Management Company Ltd.,ASSET MANAGEMENT COMPANIES,1065789070,15445.25,1.20,0.87,0.25,1.01,-8.99,0.02
24,HAVELLS,Havells India Ltd.,CONSUMER ELECTRONICS,626303067,33309.20,2.58,1.00,0.18,2.51,-8.02,0.03
25,HINDPETRO,Hindustan Petroleum Corporation Ltd.,REFINERIES/MARKETING,14185483450,20859.88,1.62,0.76,0.14,2.12,3.47,0.03
26,ICICIGI,ICICI Lombard General Insurance Company Ltd.,GENERAL INSURANCE,4905024780,39782.71,3.08,0.69,0.16,0.76,-6.79,0.04
27,ICICIPRULI,ICICI Prudential Life Insurance Company Ltd.,LIFE INSURANCE,14367961210,25255.84,1.96,0.71,0.15,1.63,-7.96,0.04
28,IGL,Indraprastha Gas Ltd.,LPG/CNG/PNG/LNG SUPPLIER,1400001600,17461.79,1.35,0.79,0.15,1.21,-11.10,0.03
29,INDUSTOWER,Indus Towers Ltd.,TELECOM - INFRASTRUCTURE,26949369500,23108.58,1.79,0.73,0.07,2.05,-12.05,0.05
30,NAUKRI,Info Edge (India) Ltd.,E-RETAIL/ E-COMMERCE,1287841200,49421.78,3.83,0.77,0.08,2.36,-5.54,0.04
31,INDIGO,InterGlobe Aviation Ltd.,AIRLINES,3851467890,22049.51,1.71,1.10,0.21,2.53,7.59,0.04
32,JINDALSTEL,Jindal Steel & Power Ltd.,STEEL,1020088097,17925.84,1.39,1.42,0.23,2.51,7.21,0.03
33,JUBLFOOD,Jubilant Foodworks Ltd.,RESTAURANTS,1319690400,29728.81,2.30,0.85,0.13,3.12,-8.70,0.04
34,LTI,Larsen & Toubro Infotech Ltd.,COMPUTERS - SOFTWARE,175173846,32040.71,2.48,0.67,0.07,4.00,15.91,0.04
35,LUPIN,Lupin Ltd.,PHARMACEUTICALS,908060958,23380.24,1.81,0.57,0.08,1.91,-3.02,0.03
36,MARICO,Marico Ltd.,PERSONAL CARE,1291943128,30926.39,2.40,0.39,0.06,1.21,3.83,0.03
37,MUTHOOTFIN,Muthoot Finance Ltd.,NBFC,4011994110,16738.23,1.30,0.86,0.17,1.93,1.20,0.04
38,NMDC,NMDC Ltd.,INDUSTRIAL MINERALS,2930605850,17224.51,1.34,1.13,0.17,2.68,0.10,0.05
39,PIIND,PI Industries Ltd.,PESTICIDES AND AGROCHEMICALS,151718118,25395.74,1.97,0.73,0.09,2.16,-5.61,0.05
40,PIDILITIND,Pidilite Industries Ltd.,CHEMICALS - SPECIALITY,508153380,37131.91,2.88,0.63,0.19,1.59,-2.87,0.03
41,PEL,Piramal Enterprises Ltd.,OTHER FINANCIAL SERVICES,477327400,33339.23,2.58,1.53,0.32,2.66,0.23,0.03
42,PGHH,Procter & Gamble Hygiene & Health Care Ltd.,PERSONAL CARE,324607360,10430.77,0.81,0.15,0.01,1.20,1.09,0.06
43,PNB,Punjab National Bank,PUBLIC SECTOR BANK,22022031116,13176.70,1.02,1.16,0.15,3.55,4.99,0.06
44,SBICARD,SBI Cards and Payment Services Ltd.,NBFC,9411772990,18560.82,1.44,0.68,0.10,2.26,2.48,0.05
45,SIEMENS,Siemens Ltd.,POWER EQUIPMENT,712240510,20495.07,1.59,1.00,0.29,1.64,2.69,0.03
46,SAIL,Steel Authority of India Ltd.,STEEL,41305252890,17517.90,1.36,1.33,0.14,2.63,1.28,0.03
47,TORNTPHARM,Torrent Pharmaceuticals Ltd.,PHARMACEUTICALS,846113600,14778.04,1.15,0.46,0.07,2.15,-7.30,0.04
48,MCDOWELL-N,United Spirits Ltd.,BREW/DISTILLERIES,1453277430,29712.99,2.30,0.61,0.11,2.33,11.05,0.03
49,VEDL,Vedanta Ltd.,ALUMINIUM,3717196639,41638.08,3.23,1.27,0.19,4.31,5.68,0.03
50,YESBANK,Yes Bank Ltd.,PRIVATE SECTOR BANK,50109811962,12737.78,0.99,1.09,0.13,2.50,1.99,0.19
,,,,,1289816.15,,,,,,0.05
,,,,,,,,,,,
* Beta & R2 are calculated for the period  01-November-2020 to 29-October-2021,,,,,,,,,,,
,,,,,,,,,,,
* Beta measures the  degree to which any portfolio of stocks is affected as compared to the effect,,,,,,,,,,,
  on the market as a whole.,,,,,,,,,,,
,,,,,,,,,,,
* The coefficient of determination (R2) measures the strength of relationship between two variables,,,,,,,,,,,
   the return on  a security versus that of the market.,,,,,,,,,,,
,,,,,,,,,,,
* Volatility is the Std. deviation of the daily returns for the period  01-November-2020 to 29-October-2021,,,,,,,,,,,
,,,,,,,,,,,
* Last day of trading was 29-October-2021,,,,,,,,,,,
,,,,,,,,,,,
* Impact Cost for Nifty Next 50 is for a portfolio of Rs. 25 Lakhs  ,,,,,,,,,,,
,,,,,,,,,,,
* Impact Cost for Nifty Next 50 is the weightage average impact cost,,,,,,,,,,,
