Annexure II-  Nifty 50 Index : Aug 2019,,,,,,,,,,,
,,,,,,,,,,,
Sr. No,Security Symbol,Security Name,Industry,Equity Capital (In Rs.),Free Float Market Capitalisation (Rs. Crores),Weightage (%),Beta,R2,Volatility (%),Monthly Return,Avg. Impact Cost (%)
1,ADANIPORTS,Adani Ports and Special Economic Zone Ltd.,SHIPPING,4141903522,28779.19,0.64,1.37,0.29,1.92,-3.14,0.03
2,ASIANPAINT,Asian Paints Ltd.,PAINTS,959197790,72862.01,1.62,0.89,0.29,1.09,6.25,0.01
3,AXISBANK,Axis Bank Ltd.,BANKS,5238214864,135628.38,3.02,1.09,0.33,1.61,-1.51,0.03
4,BAJAJ-AUTO,Bajaj Auto Ltd.,AUTOMOBILES - 2 AND 3 WHEELERS,2893670200,36307.89,0.81,0.83,0.24,1.18,10.80,0.03
5,BAJFINANCE,Bajaj Finance Ltd.,FINANCE,1159788396,79232.39,1.76,1.64,0.38,2.47,2.47,0.02
6,BAJAJFINSV,Bajaj Finserv Ltd.,FINANCE,795680555,43053.14,0.96,1.52,0.42,2.57,0.31,0.03
7,BPCL,Bharat Petroleum Corporation Ltd.,REFINERIES,21692527440,28513.20,0.63,1.57,0.27,2.57,2.82,0.03
8,BHARTIARTL,Bharti Airtel Ltd.,TELECOMMUNICATION - SERVICES,25654955910,65838.83,1.47,1.15,0.21,2.60,2.73,0.03
9,INFRATEL,Bharti Infratel Ltd.,TELECOMMUNICATION - EQUIPMENT,18496082460,21308.78,0.47,0.31,0.02,1.76,1.91,0.04
10,BRITANNIA,Britannia Industries Ltd.,FOOD AND FOOD PROCESSING,240318294,31813.54,0.71,0.77,0.20,1.99,3.71,0.02
11,CIPLA,Cipla Ltd.,PHARMACEUTICALS,1611484158,23982.39,0.53,0.67,0.15,1.73,-9.34,0.03
12,COALINDIA,Coal India Ltd.,MINING,61627283270,33018.36,0.73,0.53,0.08,2.29,-9.64,0.04
13,DRREDDY,Dr. Reddy's Laboratories Ltd.,PHARMACEUTICALS,830533770,31011.72,0.69,0.32,0.03,1.14,-0.66,0.02
14,EICHERMOT,Eicher Motors Ltd.,AUTOMOBILES - 4 WHEELERS,272825700,22622.19,0.50,1.43,0.29,2.49,-0.55,0.02
15,GAIL,GAIL (India) Ltd.,GAS,45101418660,24002.07,0.53,0.95,0.18,1.90,0.74,0.03
16,GRASIM,Grasim Industries Ltd.,CEMENT AND CEMENT PRODUCTS,1315218080,28051.63,0.62,1.42,0.38,2.52,-9.82,0.03
17,HCLTECH,HCL Technologies Ltd.,COMPUTERS - SOFTWARE,2712557736,59695.26,1.33,0.47,0.06,1.79,6.36,0.02
18,HDFCBANK,HDFC Bank Ltd.,BANKS,5465624542,480996.96,10.70,0.80,0.42,1.56,-1.05,0.02
19,HEROMOTOCO,Hero MotoCorp Ltd.,AUTOMOBILES - 2 AND 3 WHEELERS,399453768,33390.99,0.74,1.16,0.26,1.75,9.17,0.02
20,HINDALCO,Hindalco Industries Ltd.,ALUMINIUM,2245845916,26926.01,0.60,1.21,0.28,1.99,-3.20,0.03
21,HINDUNILVR,Hindustan Unilever Ltd.,DIVERSIFIED,2164801037,134439.99,2.99,0.63,0.19,1.09,8.99,0.02
22,HDFC,Housing Development Finance Corporation Ltd.,FINANCE - HOUSING,3439781976,372605.78,8.29,1.26,0.47,2.12,2.10,0.02
23,ICICIBANK,ICICI Bank Ltd.,BANKS,12902728680,264280.14,5.88,1.25,0.41,1.85,-3.52,0.02
24,ITC,ITC Ltd.,CIGARETTES,12258631602,210793.30,4.69,0.83,0.34,1.60,-9.09,0.03
25,IBULHSGFIN,Indiabulls Housing Finance Ltd.,FINANCE - HOUSING,855148182,15186.28,0.34,2.36,0.23,6.48,-14.98,0.06
26,IOC,Indian Oil Corporation Ltd.,REFINERIES,94141589220,29971.86,0.67,1.42,0.26,1.84,-12.10,0.03
27,INDUSINDBK,IndusInd Bank Ltd.,BANKS,6927567230,75419.39,1.68,1.36,0.29,2.01,-1.21,0.03
28,INFY,Infosys Ltd.,COMPUTERS - SOFTWARE,21826847220,309488.54,6.89,0.52,0.10,1.44,2.68,0.02
29,JSWSTEEL,JSW Steel Ltd.,STEEL AND STEEL PRODUCTS,2417220440,22076.23,0.49,1.30,0.31,2.46,-8.42,0.03
30,KOTAKBANK,Kotak Mahindra Bank Ltd.,BANKS,9545602460,191296.74,4.26,0.96,0.29,1.52,-5.80,0.02
31,LT,Larsen & Toubro Ltd.,ENGINEERING,2806182556,164001.73,3.65,1.03,0.41,1.73,-4.26,0.02
32,M&M,Mahindra & Mahindra Ltd.,AUTOMOBILES - 4 WHEELERS,6215962720,49305.02,1.10,1.40,0.43,2.68,-3.85,0.02
33,MARUTI,Maruti Suzuki India Ltd.,AUTOMOBILES - 4 WHEELERS,1510400300,81393.96,1.81,1.23,0.36,1.96,11.96,0.02
34,NTPC,NTPC Ltd.,POWER,98945572800,52961.61,1.18,0.72,0.17,2.13,-3.87,0.04
35,ONGC,Oil & Natural Gas Corporation Ltd.,OIL EXPLORATION/PRODUCTION,62901396030,38118.25,0.85,1.06,0.23,1.95,-12.71,0.03
36,POWERGRID,Power Grid Corporation of India Ltd.,POWER,52315896480,47202.02,1.05,0.59,0.14,1.66,-4.89,0.03
37,RELIANCE,Reliance Industries Ltd.,REFINERIES,63390373000,427388.67,9.51,1.20,0.34,2.68,7.06,0.02
38,SBIN,State Bank of India,BANKS,8924611534,105092.21,2.34,1.46,0.47,2.19,-17.56,0.03
39,SUNPHARMA,Sun Pharmaceutical Industries Ltd.,PHARMACEUTICALS,2399334970,49710.38,1.11,0.74,0.08,2.36,5.54,0.02
40,TCS,Tata Consultancy Services Ltd.,COMPUTERS - SOFTWARE,3752384706,237408.88,5.28,0.49,0.08,1.26,2.44,0.02
41,TATAMOTORS,Tata Motors Ltd.,AUTOMOBILES - 4 WHEELERS,5774697388,20891.12,0.46,1.77,0.27,3.94,-13.94,0.04
42,TATASTEEL,Tata Steel Ltd.,STEEL AND STEEL PRODUCTS,11264895180,26031.26,0.58,1.25,0.27,2.77,-20.17,0.03
43,TECHM,Tech Mahindra Ltd.,COMPUTERS - SOFTWARE,4922180905,43702.67,0.97,0.55,0.08,1.78,9.02,0.02
44,TITAN,Titan Company Ltd.,"GEMS, JEWELLERY AND WATCHES",887786160,46111.35,1.03,0.84,0.18,1.49,4.61,0.03
45,UPL,UPL Ltd.,PESTICIDES AND AGROCHEMICALS,1528028010,30981.07,0.69,1.14,0.23,2.94,-5.38,0.03
46,ULTRACEMCO,UltraTech Cement Ltd.,CEMENT AND CEMENT PRODUCTS,2746498500,42292.09,0.94,1.20,0.37,2.02,-6.78,0.03
47,VEDL,Vedanta Ltd.,MINING,3717196639,25345.15,0.56,1.33,0.20,3.32,-9.70,0.03
48,WIPRO,Wipro Ltd.,COMPUTERS - SOFTWARE,12070632750,39920.00,0.89,0.37,0.05,1.33,-4.11,0.02
49,YESBANK,Yes Bank Ltd.,BANKS,4633917476,11112.13,0.25,1.62,0.07,6.05,-34.27,0.08
50,ZEEL,Zee Entertainment Enterprises Ltd.,MEDIA & ENTERTAINMENT,960481765,22218.06,0.49,0.99,0.07,3.17,3.18,0.03
,,,,,4493780.78,,,,,,0.02
,,,,,,,,,,,
* Beta & R2 are calculated for the period 01-Sep-2018 to 30-Aug-2019,,,,,,,,,,,
,,,,,,,,,,,
* Beta measures the  degree to which any portfolio of stocks is affected as compared to the effect,,,,,,,,,,,
  on the market as a whole.,,,,,,,,,,,
,,,,,,,,,,,
* The coefficient of determination (R2) measures the strength of relationship between two variables,,,,,,,,,,,
   the return on  a security versus that of the market.,,,,,,,,,,,
,,,,,,,,,,,
* Volatility is the Std. deviation of the daily returns for the period 01-Sep-2018 to 30-Aug-2019,,,,,,,,,,,
,,,,,,,,,,,
* Last day of trading was 30-Aug-2019,,,,,,,,,,,
,,,,,,,,,,,
* Impact Cost for Nifty 50 is for a portfolio of Rs. 50 Lakhs  ,,,,,,,,,,,
,,,,,,,,,,,
* Impact Cost for Nifty 50 is the weightage average impact cost,,,,,,,,,,,
