Annexure II- S&P CNX Nifty Index : Mar 2011,,,,,,,,,,,
,,,,,,,,,,,
Sr. No,Security Symbol,Security Name,Industry,Equity Capital,Free Float Market Capitalisation for Mar. 2011,Weightage,Beta,R2,Volatility,Monthly Return,Avg. Impact Cost Mar 2011
,,,,(In Rs.),(Rs. Crores),%,,,%,,%
1,ACC,ACC Ltd.,CEMENT AND CEMENT PRODUCTS,187745266,10449,0.6,0.6,0.17,1.01,10.85,0.06
2,AMBUJACEM,Ambuja Cements Ltd.,CEMENT AND CEMENT PRODUCTS,3059718172,12122,0.69,0.9,0.22,2.39,25.07,0.08
3,AXISBANK,Axis Bank Ltd.,BANKS,4100884740,36070,2.05,1.32,0.54,2.09,15.21,0.06
4,BAJAJ-AUTO,Bajaj Auto Ltd.,AUTOMOBILES - 2 AND 3 WHEELERS,2893670200,19790,1.13,0.68,0.20,1.59,15.29,0.06
5,BHEL,Bharat Heavy Electricals Ltd.,ELECTRICAL EQUIPMENT,4895200000,32592,1.86,0.82,0.40,2,3.08,0.05
6,BPCL,Bharat Petroleum Corporation Ltd.,REFINERIES,3615421240,7906,0.45,0.63,0.10,2.26,10.55,0.07
7,BHARTIARTL,Bharti Airtel Ltd.,TELECOMMUNICATION - SERVICES,18987650480,43164,2.46,0.75,0.17,1.77,7.88,0.07
8,CAIRN,Cairn India Ltd.,OIL EXPLORATION/PRODUCTION,19015574220,15240,0.87,0.8,0.28,1.2,3.46,0.05
9,CIPLA,Cipla Ltd.,PHARMACEUTICALS,1605842714,16322,0.93,0.47,0.12,1.74,7.34,0.07
10,DLF,DLF Ltd.,CONSTRUCTION,3395094632,9741,0.55,1.5,0.50,2.32,26.76,0.07
11,DRREDDY,Dr. Reddy's Laboratories Ltd.,PHARMACEUTICALS,846168735,20622,1.17,0.51,0.14,1.76,6.02,0.08
12,GAIL,GAIL (India) Ltd.,GAS,12684774000,20842,1.19,0.59,0.20,1.77,8.78,0.06
13,GRASIM,Grasim Industries Ltd.,TEXTILES - SYNTHETIC,916966890,15603,0.89,0.49,0.08,0.88,8.95,0.06
14,HCLTECH,HCL Technologies Ltd.,COMPUTERS - SOFTWARE,1369626480,11518,0.66,0.95,0.32,1.89,8.02,0.08
15,HDFCBANK,HDFC Bank Ltd.,BANKS,4647428030,83513,4.76,1,0.52,1.48,14.31,0.05
16,HEROHONDA,Hero Honda Motors Ltd.,AUTOMOBILES - 2 AND 3 WHEELERS,399375000,15168,0.86,0.5,0.07,1.37,8.48,0.05
17,HINDALCO,Hindalco Industries Ltd.,ALUMINIUM,1914382231,26876,1.53,1.57,0.52,2.08,3.87,0.06
18,HINDUNILVR,Hindustan Unilever Ltd.,DIVERSIFIED,2172361908,29925,1.7,0.53,0.17,1.24,1.81,0.05
19,HDFC,Housing Development Finance Corporation Ltd.,FINANCE - HOUSING,2930713550,91043,5.19,1.13,0.49,1.84,11.44,0.07
20,ITC,I T C Ltd.,CIGARETTES,7721696260,96580,5.5,0.74,0.30,1.21,7.75,0.06
21,ICICIBANK,ICICI Bank Ltd.,BANKS,11514126180,128521,7.32,1.5,0.63,1.91,14.97,0.06
22,INFOSYSTCH,Infosys Technologies Ltd.,COMPUTERS - SOFTWARE,2870648465,156245,8.9,0.79,0.40,1.77,8.15,0.05
23,IDFC,Infrastructure Development Finance Co. Ltd.,FINANCIAL INSTITUTION,14609475480,16430,0.94,1.35,0.47,2.06,6.47,0.07
24,JPASSOCIAT,Jaiprakash Associates Ltd.,DIVERSIFIED,4252866364,10663,0.61,1.68,0.48,2.6,20.21,0.07
25,JINDALSTEL,Jindal Steel & Power Ltd.,STEEL AND STEEL PRODUCTS,934269031,27085,1.54,1.07,0.48,1.24,6.01,0.07
26,KOTAKBANK,Kotak Mahindra Bank Ltd.,BANKS,3682227920,16173,0.92,1.15,0.43,1.41,13.04,0.08
27,LT,Larsen & Toubro Ltd.,ENGINEERING,1217704252,88264,5.03,1.1,0.50,2,8.11,0.06
28,M&M,Mahindra & Mahindra Ltd.,AUTOMOBILES - 4 WHEELERS,3069700545,33210,1.89,1.14,0.39,2.4,13.74,0.06
29,MARUTI,Maruti Suzuki India Ltd.,AUTOMOBILES - 4 WHEELERS,1444550300,16697,0.95,0.78,0.25,2.57,4.47,0.06
30,NTPC,NTPC Ltd.,POWER,82454644000,24680,1.41,0.66,0.31,1.95,13.69,0.07
31,ONGC,Oil & Natural Gas Corporation Ltd.,OIL EXPLORATION/PRODUCTION,42777450600,39296,2.24,0.66,0.20,1.52,7.75,0.07
32,POWERGRID,Power Grid Corporation of India Ltd.,POWER,46297253530,14426,0.82,0.47,0.18,0.61,2.98,0.05
33,PNB,Punjab National Bank,BANKS,3153025000,16136,0.92,0.85,0.37,1.32,14.19,0.08
34,RANBAXY,Ranbaxy Laboratories Ltd.,PHARMACEUTICALS,2106261540,6791,0.39,0.87,0.29,2.11,2.52,0.06
35,RELCAPITAL,Reliance Capital Ltd.,FINANCE,2456328000,6569,0.37,1.3,0.36,2.53,22.65,0.07
36,RCOM,Reliance Communications Ltd.,TELECOMMUNICATION - SERVICES,10320134405,7140,0.41,1.21,0.22,3.04,25.54,0.08
37,RELIANCE,Reliance Industries Ltd.,REFINERIES,32897015770,177723,10.12,1.01,0.50,1.42,8.8,0.06
38,RELINFRA,Reliance Infrastructure Ltd.,POWER,2674202620,9645,0.55,1.25,0.25,2.24,13.14,0.07
39,RPOWER,Reliance Power Ltd.,POWER,28050826060,7161,0.41,1.05,0.26,2.39,18.17,0.08
40,SESAGOA,Sesa Goa Ltd.,MINING,859702559,11088,0.63,1.29,0.32,2.02,11.54,0.06
41,SIEMENS,Siemens Ltd.,ELECTRICAL EQUIPMENT,674320400,13314,0.76,0.54,0.12,0.36,3.98,0.04
42,SBIN,State Bank of India,BANKS,6349989910,71287,4.06,1.15,0.44,1.76,5.13,0.04
43,SAIL,Steel Authority of India Ltd.,STEEL AND STEEL PRODUCTS,41304005450,9934,0.57,1.2,0.42,1.74,11.18,0.06
44,STER,Sterlite Industries (India) Ltd.,METALS,3361567444,24688,1.41,1.5,0.47,1.74,5.88,0.07
45,SUNPHARMA,Sun Pharmaceutical Industries Ltd.,PHARMACEUTICALS,1035581955,16627,0.95,0.57,0.15,2.06,4.49,0.07
46,TCS,Tata Consultancy Services Ltd.,COMPUTERS - SOFTWARE,1957220996,60122,3.42,0.86,0.32,1.71,6.63,0.06
47,TATAMOTORS,Tata Motors Ltd.,AUTOMOBILES - 4 WHEELERS,5372697370,43641,2.49,1.47,0.46,2.15,15.29,0.06
48,TATAPOWER,Tata Power Co. Ltd.,POWER,2373072360,21606,1.23,0.62,0.27,1.64,16.08,0.07
49,TATASTEEL,Tata Steel Ltd.,STEEL AND STEEL PRODUCTS,9593890170,40914,2.33,1.32,0.52,1.77,2.49,0.04
50,WIPRO,Wipro Ltd.,COMPUTERS - SOFTWARE,4907628198,24303,1.38,0.8,0.30,1.34,9.58,0.07
,,,,,1755468,100,,,,,0.06
,,,,,,,,,,,
* Beta & R2 are calculated for the period 01-Apr-2010 to 31-Mar-2011,,,,,,,,,,,
,,,,,,,,,,,
* Beta measures the degree to which any portfolio of stocks is affected as compared to the effect,,,,,,,,,,,
  on the market as a whole.,,,,,,,,,,,
,,,,,,,,,,,
* The coefficient of determination (R2) measures the strength of relationship between two variables,,,,,,,,,,,
   the return on  a security versus that of the market.,,,,,,,,,,,
,,,,,,,,,,,
* Volatility is the Std. deviation of the daily returns for the period 01-Mar-2011 to 31-Mar-2011,,,,,,,,,,,
,,,,,,,,,,,
* Last day of trading was 31-Mar-2011,,,,,,,,,,,
,,,,,,,,,,,
* Impact Cost for S&P CNX Nifty is for a portfolio of Rs. 50 Lakhs  ,,,,,,,,,,,
,,,,,,,,,,,
* Impact Cost for S&P CNX Nifty is the weightage average impact cost,,,,,,,,,,,
