CNX NIFTY JUNIOR INDEX :January 2009,,,,,,,,,,,,,
,,,,,,,,,,,,,
Sr.no.,Security Symbol,Security Name,Industry,Equity,Market Capitalisation for January 2009,Weightage,Beta,R2,Volatility,Monthly return,Avg. Impact Cost for January 2009,,
,,,,,(Rs. crores),%,,,%,,%,,
,,,,,,,,,,,,,
1,ABIRLANUVO,Aditya Birla Nuvo Ltd.,TEXTILES - SYNTHETIC," 950,067,680 "," 4,456 ",1.66%,0.82 ,0.45 ,2.71 , (18.39),0.24,,
2,ANDHRABANK,Andhra Bank,BANKS," 4,850,000,000 "," 2,706 ",1.01%,0.78 ,0.56 ,2.67 , 1.18 ,0.22,,
3,APOLLOTYRE,Apollo Tyres Ltd.,TYRES," 504,024,770 ", 885 ,0.33%,0.63 ,0.34 ,2.57 , (11.59),0.21,,
4,ASHOKLEY,Ashok Leyland Ltd.,AUTOMOBILES - 4 WHEELERS," 1,330,338,317 "," 1,876 ",0.70%,0.68 ,0.41 ,2.44 , (6.00),0.23,,
5,ASIANPAINT,Asian Paints Ltd.,PAINTS," 959,197,790 "," 7,566 ",2.81%,0.23 ,0.10 ,3.75 , (11.87),0.32,,
6,AVENTIS,Aventis Pharma Ltd.,PHARMACEUTICALS," 230,306,220 "," 2,016 ",0.75%,0.39 ,0.25 ,2.78 , (9.43),0.81,,
7,AXISBANK,Axis Bank Ltd.,BANKS," 3,589,894,890 "," 15,569 ",5.78%,1.27 ,0.67 ,4.57 , (14.07),0.12,,
8,BANKBARODA,Bank of Baroda,BANKS," 3,642,664,000 "," 9,167 ",3.41%,0.85 ,0.48 ,2.96 , (10.13),0.13,,
9,BANKINDIA,Bank of India,BANKS," 5,251,728,000 "," 13,090 ",4.86%,1.04 ,0.56 ,3.57 , (13.17),0.14,,
10,BEL,Bharat Electronics Ltd.,ELECTRONICS - INDUSTRIAL," 800,000,000 "," 6,575 ",2.44%,0.51 ,0.28 ,1.56 , 9.67 ,0.21,,
11,BHARATFORG,Bharat Forge Ltd.,CASTINGS/FORGINGS," 445,304,542 "," 1,890 ",0.70%,0.70 ,0.34 ,4.41 , 1.25 ,0.20,,
12,BIOCON,Biocon Ltd.,PHARMACEUTICALS," 1,000,000,000 "," 2,026 ",0.75%,0.59 ,0.27 ,3.46 , (13.08),0.26
13,CANBK,Dr. Reddy's Laboratories Ltd.,PHARMACEUTICALS," 4,100,000,000 "," 7,407 ",2.75%,0.80 ,0.44 ,5.44 , (3.96),0.15
14,CHENNPETRO,Chennai Petroleum Corporation Ltd.,REFINERIES," 1,489,114,000 "," 1,643 ",0.61%,0.70 ,0.37 ,2.80 , (13.96),0.20
15,CONCOR,Container Corporation of India Ltd.,TRAVEL AND TRANSPORT," 1,299,827,940 "," 9,252 ",3.44%,0.31 ,0.14 ,3.00 , 15.37 ,0.43
16,CORPBANK,Corporation Bank,BANKS," 1,434,400,000 "," 2,607 ",0.97%,0.69 ,0.42 ,2.52 , (3.96),0.19
17,CUMMINSIND,Cummins India Ltd.,DIESEL ENGINES," 396,000,000 "," 3,326 ",1.24%,0.56 ,0.30 ,3.93 , (24.22),0.34
18,DRREDDY,Dr. Reddy's Laboratories Ltd.,PHARMACEUTICALS," 842,145,685 "," 7,576 ",2.81%,0.32 ,0.12 ,3.13 , (4.02),0.13
19,GLENMARK,Glenmark Pharmaceuticals Ltd.,PHARMACEUTICALS," 250,523,158 "," 3,438 ",1.28%,0.68 ,0.17 ,7.95 , (53.65),0.19
20,GMRINFRA,GMR Infrastructure Ltd.,CONSTRUCTION," 3,641,316,176 "," 13,400 ",4.98%,1.28 ,0.62 ,5.90 , (4.29),0.21
21,HDIL,Housing Development and Infrastructure Ltd.,CONSTRUCTION," 2,754,926,760 "," 2,660 ",0.99%,1.75 ,0.61 ,6.69 , (25.73),0.15
22,IDBI,IDBI Bank Ltd.,BANKS," 7,247,267,890 "," 4,142 ",1.54%,1.05 ,0.71 ,2.88 , (15.58),0.15
23,IDFC,Infrastructure Development Finance Co. Ltd.,FINANCIAL INSTITUTION," 12,952,760,610 "," 7,493 ",2.78%,1.43 ,0.62 ,4.79 , (13.40),0.16
24,IFCI,IFCI Ltd.,FINANCIAL INSTITUTION," 7,624,134,970 "," 1,460 ",0.54%,1.55 ,0.67 ,6.01 , (11.34),0.17
25,INDHOTEL,Indian Hotels Co. Ltd.,HOTELS," 723,405,288 "," 2,919 ",1.08%,0.62 ,0.37 ,2.70 , (10.63),0.21
26,INGVYSYABK,ING Vysya Bank Ltd.,BANKS," 1,026,041,150 "," 1,421 ",0.53%,0.62 ,0.31 ,2.55 , (7.73),0.65
27,IOB,Indian Overseas Bank ,BANKS," 5,448,000,000 "," 3,318 ",1.23%,0.92 ,0.50 ,2.57 , (15.12),0.21
28,JINDALSTEL,Jindal Steel & Power Ltd.,STEEL AND STEEL PRODUCTS," 154,652,683 "," 15,972 ",5.93%,1.24 ,0.55 ,6.04 , 13.33 ,0.15
29,JPASSOCIAT,Jaiprakash Associates Ltd.,DIVERSIFIED," 2,367,601,158 "," 9,026 ",3.35%,1.80 ,0.72 ,8.61 , (8.08),0.17
30,JSWSTEEL,JSW Steel Ltd.,STEEL AND STEEL PRODUCTS," 1,870,486,820 "," 3,949 ",1.47%,1.03 ,0.36 ,3.52 , (7.88),0.18
31,KOTAKBANK,Kotak Mahindra Bank Ltd.,BANKS," 3,455,459,590 "," 9,805 ",3.64%,1.33 ,0.66 ,4.54 , (20.63),0.17
32,LICHSGFIN,LIC Housing Finance Ltd.,FINANCE - HOUSING," 849,326,000 "," 1,903 ",0.71%,1.08 ,0.52 ,3.74 , (2.80),0.12
33,LUPIN,Lupin Ltd.,PHARMACEUTICALS," 827,934,090 "," 4,717 ",1.75%,0.47 ,0.23 ,2.70 , (7.79),0.18
34,MCDOWELL-N,United Spirits Ltd.,BREW/DISTILLERIES," 1,001,632,560 "," 5,944 ",2.21%,0.84 ,0.25 ,9.22 , (32.93),0.14
35,MOSERBAER,Moser Baer India Ltd.,COMPUTERS - HARDWARE," 1,683,061,040 "," 1,075 ",0.40%,1.19 ,0.45 ,5.41 , (10.39),0.18
36,MPHASIS,Mphasis  Ltd.,COMPUTERS - SOFTWARE," 2,089,371,560 "," 3,131 ",1.16%,0.74 ,0.28 ,1.71 , (3.70),0.38
37,MUNDRAPORT,Mundra Port and Special Economic Zone Ltd.,TRAVEL AND TRANSPORT," 4,006,788,200 "," 15,472 ",5.75%,0.92 ,0.38 ,6.57 , 18.71 ,0.25
38,NIRMA,Nirma Ltd.,DETERGENTS," 795,711,410 "," 1,553 ",0.58%,0.60 ,0.38 ,5.01 , (6.33),0.51
39,OFSS,Oracle Financial Services Software Ltd.,COMPUTERS - SOFTWARE," 418,846,930 "," 5,096 ",1.89%,0.79 ,0.31 ,4.98 , 32.84 ,0.30
40,PATNI,Patni Computer Systems Ltd.,COMPUTERS - SOFTWARE," 256,211,034 "," 1,567 ",0.58%,0.64 ,0.29 ,2.87 , (5.41),0.31
41,PFC,Power Finance Corporation Ltd.,FINANCIAL INSTITUTION," 11,477,667,000 "," 15,937 ",5.92%,0.88 ,0.48 ,2.44 , 4.32 ,0.26
42,RAYMOND,Glenmark Pharmaceuticals Ltd.,PHARMACEUTICALS," 613,808,530 ", 563 ,0.21%,0.54 ,0.27 ,1.88 , (14.94),0.31
43,RNRL,Reliance Natural Resources Ltd.,GAS," 8,165,652,110 "," 8,402 ",3.12%,1.48 ,0.64 ,5.82 , (10.05),0.16
44,SYNDIBANK,Syndicate Bank,BANKS," 5,219,682,820 "," 3,207 ",1.19%,0.69 ,0.52 ,1.62 , (2.31),0.19
45,TECHM,Tech Mahindra Ltd.,COMPUTERS - SOFTWARE," 1,217,318,440 "," 2,896 ",1.08%,0.90 ,0.42 ,4.90 , (3.86),0.23
46,TTML,Tata Teleservices (Maharashtra) Ltd.,TELECOMMUNICATION - SERVICES," 18,971,905,040 "," 4,297 ",1.60%,0.91 ,0.53 ,1.58 , 4.14 ,0.15
47,ULTRACEMCO,UltraTech Cement Ltd.,CEMENT AND CEMENT PRODUCTS," 1,244,858,790 "," 4,929 ",1.83%,0.59 ,0.31 ,3.97 , 2.71 ,0.34
48,UNIONBANK,Union Bank of India,BANKS," 5,051,179,000 "," 7,453 ",2.77%,0.83 ,0.48 ,2.29 , (9.45),0.16
49,VIJAYABANK,Vijaya Bank,BANKS," 4,335,178,000 "," 1,257 ",0.47%,0.78 ,0.56 ,3.36 , (13.69),0.17
50,WOCKPHARMA,Wockhardt Ltd.,PHARMACEUTICALS," 547,179,515 "," 1,131 ",0.42%,0.62 ,0.40 ,2.70 , (4.88),0.29
,,,,," 269,166 ",100.00%,,,,,0.21
,,,,,,,,,,,
* Beta & R2 are calculated for the period 01-February-2008 to 30-January 2009,,,,,,,,,,,
,,,,,,,,,,,
* Beta measures the  degree to which any portfolio of stocks is affected as compared to the effect on the market as a whole.,,,,,,,,,,,
  ,,,,,,,,,,,
"* The coefficient of determination (R2) measures the strength of relationship between two variables, ",,,,,,,,,,,
the return on  a security versus that of the market.,,,,,,,,,,,
   ,,,,,,,,,,,
* Volatility is the Std. deviation of the daily returns for the period 01-January 2009 to 30-January 2009,,,,,,,,,
,,,,,,,,,
* Last day of trading was 30-January 2009,,,,,,,,,
,,,,,,,,,
* Impact Cost for CNX Nifty Junior is for a portfolio of Rs. 25 lakhs  ,,,,,,,,,
,,,,,,,,,
* Impact Cost for CNX Nifty Junior is the weightage average impact cost,,,,,,,,,
,,,,,,,,,
,,,,,,,,,
,,,,,,,,,
,,,,,,,,,
,,,,,,,,,
,,,,,,,,,
,,,,,,,,,
,,,,,,,,,
,,,,,,,,,
,,,,,,,,,
,,,,,,,,,
,,,,,,,,,
,,,,,,,,,
,,,,,,,,,
,,,,,,,,,
,,,,,,,,,
,,,,,,,,,
,,,,,,,,,
,,,,,,,,,
,,,,,,,,,
,,,,,,,,,
,,,,,,,,,
,,,,,,,,,
,,,,,,,,,
,,,,,,,,,
,,,,,,,,,
,,,,,,,,,
,,,,,,,,,
,,,,,,,,,
,,,,,,,,,
,,,,,,,,,
,,,,,,,,,
,,,,,,,,,
,,,,,,,,,
,,,,,,,,,
,,,,,,,,,
,,,,,,,,,
,,,,,,,,,
,,,,,,,,,
,,,,,,,,,
,,,,,,,,,
,,,,,,,,,
,,,,,,,,,
,,,,,,,,,
,,,,,,,,,
,,,,,,,,,
,,,,,,,,,
,,,,,,,,,
,,,,,,,,,
,,,,,,,,,
,,,,,,,,,
,,,,,,,,,
,,,,,,,,,
,,,,,,,,,
,,,,,,,,,
,,,,,,,,,
,,,,,,,,,
,,,,,,,,,
,,,,,,,,,
,,,,,,,,,
,,,,,,,,,
,,,,,,,,,
,,,,,,,,,
,,,,,,,,,
,,,,,,,,,
,,,,,,,,,
,,,,,,,,,
,,,,,,,,,
,,,,,,,,,
,,,,,,,,,
,,,,,,,,,
,,,,,,,,,
,,,,,,,,,
,,,,,,,,,
,,,,,,,,,
,,,,,,,,,
,,,,,,,,,
,,,,,,,,,
,,,,,,,,,
,,,,,,,,,
,,,,,,,,,
,,,,,,,,,
,,,,,,,,,
,,,,,,,,,
,,,,,,,,,
,,,,,,,,,
,,,,,,,,,
,,,,,,,,,
,,,,,,,,,
,,,,,,,,,
,,,,,,,,,
,,,,,,,,,
,,,,,,,,,
,,,,,,,,,
,,,,,,,,,
,,,,,,,,,
,,,,,,,,,
,,,,,,,,,
,,,,,,,,,
,,,,,,,,,
,,,,,,,,,
,,,,,,,,,
,,,,,,,,,
,,,,,,,,,
,,,,,,,,,
,,,,,,,,,
,,,,,,,,,
,,,,,,,,,
,,,,,,,,,
,,,,,,,,,
,,,,,,,,,
,,,,,,,,,
,,,,,,,,,
,,,,,,,,,
,,,,,,,,,
,,,,,,,,,
,,,,,,,,,
,,,,,,,,,
,,,,,,,,,
,,,,,,,,,
,,,,,,,,,
,,,,,,,,,
,,,,,,,,,
,,,,,,,,,
,,,,,,,,,
,,,,,,,,,
,,,,,,,,,
,,,,,,,,,
,,,,,,,,,
,,,,,,,,,
,,,,,,,,,
,,,,,,,,,
,,,,,,,,,
,,,,,,,,,
,,,,,,,,,
,,,,,,,,,
,,,,,,,,,
,,,,,,,,,
,,,,,,,,,
,,,,,,,,,
,,,,,,,,,
,,,,,,,,,
,,,,,,,,,
,,,,,,,,,
,,,,,,,,,
,,,,,,,,,
,,,,,,,,,
,,,,,,,,,
,,,,,,,,,
,,,,,,,,,
,,,,,,,,,
,,,,,,,,,
,,,,,,,,,
,,,,,,,,,
,,,,,,,,,
,,,,,,,,,
,,,,,,,,,
,,,,,,,,,
,,,,,,,,,
,,,,,,,,,
,,,,,,,,,
,,,,,,,,,
,,,,,,,,,
,,,,,,,,,
,,,,,,,,,
,,,,,,,,,
,,,,,,,,,
,,,,,,,,,
,,,,,,,,,
,,,,,,,,,
,,,,,,,,,
,,,,,,,,,
,,,,,,,,,
,,,,,,,,,
,,,,,,,,,
,,,,,,,,,
,,,,,,,,,
,,,,,,,,,
,,,,,,,,,
,,,,,,,,,
,,,,,,,,,
,,,,,,,,,
,,,,,,,,,
,,,,,,,,,
,,,,,,,,,
,,,,,,,,,
,,,,,,,,,
,,,,,,,,,
,,,,,,,,,
,,,,,,,,,
,,,,,,,,,
,,,,,,,,,
,,,,,,,,,
,,,,,,,,,
,,,,,,,,,
,,,,,,,,,
,,,,,,,,,
,,,,,,,,,
,,,,,,,,,
,,,,,,,,,
,,,,,,,,,
,,,,,,,,,
,,,,,,,,,
,,,,,,,,,
,,,,,,,,,
,,,,,,,,,
,,,,,,,,,
,,,,,,,,,
,,,,,,,,,
,,,,,,,,,
,,,,,,,,,
,,,,,,,,,
,,,,,,,,,
,,,,,,,,,
,,,,,,,,,
,,,,,,,,,
,,,,,,,,,
,,,,,,,,,
,,,,,,,,,
,,,,,,,,,
,,,,,,,,,
,,,,,,,,,
,,,,,,,,,
,,,,,,,,,
,,,,,,,,,
,,,,,,,,,
,,,,,,,,,
,,,,,,,,,
