Annexure II-  Nifty 50 Index : Dec 2022,,,,,,,,,,,
,,,,,,,,,,,
Sr. No,Security Symbol,Security Name,Industry,Equity Capital (In Rs.),Free Float Market Capitalisation (Rs. Crores),Weightage (%),Beta,R2,Volatility (%),Monthly Return,Avg. Impact Cost (%)
1,ADANIENT,Adani Enterprises Ltd.,TRADING - MINERALS/ MINING,1140001121,105564.56,1.32,1.38,0.41,2.20,-1.52,0.02
2,ADANIPORTS,Adani Ports and Special Economic Zone Ltd.,PORT,4320277890,61852.34,0.77,1.39,0.49,2.13,-7.14,0.03
3,APOLLOHOSP,Apollo Hospitals Enterprise Ltd.,HOSPITAL,718923285,45710.52,0.57,0.89,0.23,1.33,-5.26,0.02
4,ASIANPAINT,Asian Paints Ltd.,PAINTS,959197790,139209.62,1.74,0.81,0.27,1.02,-2.75,0.02
5,AXISBANK,Axis Bank Ltd.,PRIVATE SECTOR BANK,6149623648,252657.29,3.16,1.04,0.39,1.11,3.61,0.02
6,BAJAJ-AUTO,Bajaj Auto Ltd.,MOTOR CYCLES/SCOOTERS,2829573580,40927.52,0.51,0.69,0.26,1.04,-3.59,0.02
7,BAJFINANCE,Bajaj Finance Ltd.,NBFC,1210858466,175156.00,2.19,1.42,0.57,0.96,-2.17,0.02
8,BAJAJFINSV,Bajaj Finserv Ltd.,GENERAL INSURANCE,1592815460,83824.94,1.05,1.38,0.49,1.46,-4.84,0.03
9,BPCL,Bharat Petroleum Corporation Ltd.,REFINERIES/MARKETING,21692527440,32262.21,0.40,0.83,0.28,1.33,-3.12,0.02
10,BHARTIARTL,Bharti Airtel Ltd.,TELECOM - SERVICES,27822102835,201846.57,2.52,0.75,0.30,1.06,-5.03,0.02
11,BRITANNIA,Britannia Industries Ltd.,CONSUMER FOOD,240868296,50838.88,0.64,0.56,0.17,0.89,-1.26,0.02
12,CIPLA,Cipla Ltd.,PHARMACEUTICALS,1614146864,58180.83,0.73,0.36,0.08,1.06,-5.59,0.02
13,COALINDIA,Coal India Ltd.,INDUSTRIAL MINERALS,61627283270,47155.35,0.59,0.82,0.16,1.33,-0.97,0.03
14,DIVISLAB,Divi's Laboratories Ltd.,PHARMACEUTICALS,530937160,43492.67,0.54,0.76,0.20,1.42,0.25,0.02
15,DRREDDY,Dr. Reddy's Laboratories Ltd.,PHARMACEUTICALS,832618195,51512.61,0.64,0.58,0.18,1.21,-5.56,0.02
16,EICHERMOT,Eicher Motors Ltd.,MOTOR CYCLES/SCOOTERS,273478020,45018.65,0.56,0.97,0.31,1.71,-7.37,0.02
17,GRASIM,Grasim Industries Ltd.,CEMENT,1316803372,64681.05,0.81,1.15,0.49,1.13,-2.06,0.02
18,HCLTECH,HCL Technologies Ltd.,COMPUTERS - SOFTWARE,5427330192,109992.17,1.37,0.92,0.38,1.62,-7.27,0.02
19,HDFCBANK,HDFC Bank Ltd.,PRIVATE SECTOR BANK,5576755396,717303.75,8.96,1.10,0.54,0.81,1.22,0.02
20,HDFCLIFE,HDFC Life Insurance Company Ltd.,LIFE INSURANCE,21491750050,55980.64,0.70,1.05,0.40,0.83,-4.12,0.02
21,HEROMOTOCO,Hero MotoCorp Ltd.,MOTOR CYCLES/SCOOTERS,399660866,35574.86,0.44,0.90,0.29,1.22,-3.96,0.02
22,HINDALCO,Hindalco Industries Ltd.,ALUMINIUM,2247194585,69141.12,0.86,1.26,0.28,2.48,5.03,0.02
23,HINDUNILVR,Hindustan Unilever Ltd.,DIVERSIFIED,2349591262,228661.99,2.86,0.74,0.27,0.94,-4.59,0.02
24,HDFC,Housing Development Finance Corporation Ltd.,HOUSING FINANCE,3643080696,475644.99,5.94,1.23,0.57,0.95,-2.04,0.02
25,ICICIBANK,ICICI Bank Ltd.,PRIVATE SECTOR BANK,13952829926,621493.93,7.76,1.03,0.59,0.99,-6.51,0.02
26,ITC,ITC Ltd.,CIGARETTES & RELATED PRODUCTS,12412309002,292186.37,3.65,0.63,0.26,1.03,-2.49,0.02
27,INDUSINDBK,IndusInd Bank Ltd.,PRIVATE SECTOR BANK,7754150440,79471.05,0.99,1.37,0.46,1.62,4.48,0.03
28,INFY,Infosys Ltd.,COMPUTERS - SOFTWARE,21040404215,552156.59,6.90,1.09,0.46,1.21,-7.75,0.02
29,JSWSTEEL,JSW Steel Ltd.,STEEL,2417220440,72405.30,0.90,1.19,0.32,1.34,3.32,0.03
30,KOTAKBANK,Kotak Mahindra Bank Ltd.,PRIVATE SECTOR BANK,9929059150,264885.95,3.31,0.97,0.45,0.67,-6.15,0.01
31,LT,Larsen & Toubro Ltd.,ENGINEERING-DESIGNING-CONSTRUCTION,2810728254,252092.53,3.15,1.10,0.57,1.12,0.53,0.02
32,M&M,Mahindra & Mahindra Ltd.,PASSENGER/UTILITY VEHICLES,6215962720,119580.70,1.49,1.00,0.37,1.34,-4.32,0.02
33,MARUTI,Maruti Suzuki India Ltd.,PASSENGER/UTILITY VEHICLES,1510400300,111577.02,1.39,0.92,0.31,0.99,-6.46,0.01
34,NTPC,NTPC Ltd.,POWER,96966661340,79086.49,0.99,0.64,0.18,1.02,-3.34,0.03
35,NESTLEIND,Nestle India Ltd.,CONSUMER FOOD,964157160,69942.08,0.87,0.53,0.21,1.01,-2.86,0.03
36,ONGC,Oil & Natural Gas Corporation Ltd.,OIL EXPLORATION,62901396030,57230.84,0.72,0.36,0.03,1.28,4.00,0.03
37,POWERGRID,Power Grid Corporation of India Ltd.,POWER - TRANSMISSION,69754528640,73042.06,0.91,0.53,0.12,1.10,-4.60,0.03
38,RELIANCE,Reliance Industries Ltd.,REFINERIES/MARKETING,67654516390,878880.88,10.98,1.05,0.47,1.00,-6.74,0.02
39,SBILIFE,SBI Life Insurance Company Ltd.,LIFE INSURANCE,10007860230,55452.05,0.69,0.88,0.36,1.16,-4.02,0.03
40,SBIN,State Bank of India,PUBLIC SECTOR BANK,8924611734,235512.47,2.94,1.07,0.50,1.50,1.87,0.02
41,SUNPHARMA,Sun Pharmaceutical Industries Ltd.,PHARMACEUTICALS,2399334970,108121.23,1.35,0.59,0.20,1.04,-4.27,0.02
42,TCS,Tata Consultancy Services Ltd.,COMPUTERS - SOFTWARE,3659051373,333660.11,4.17,0.91,0.45,1.12,-3.95,0.02
43,TATACONSUM,Tata Consumer Products Ltd.,TEA &  COFFEE,929011650,46312.86,0.58,0.92,0.35,0.89,-6.25,0.02
44,TATAMOTORS,Tata Motors Ltd.,PASSENGER/UTILITY VEHICLES,6642580468,69578.71,0.87,1.50,0.53,1.39,-11.71,0.02
45,TATASTEEL,Tata Steel Ltd.,STEEL,12221209890,90863.47,1.14,1.27,0.31,2.29,4.64,0.03
46,TECHM,Tech Mahindra Ltd.,COMPUTERS - SOFTWARE,4868136215,63334.06,0.79,1.16,0.43,1.53,-5.63,0.03
47,TITAN,Titan Company Ltd.,"GEMS, JEWELLERY AND WATCHES",887786160,108383.15,1.35,1.04,0.40,1.21,-2.09,0.02
48,UPL,UPL Ltd.,PESTICIDES AND AGROCHEMICALS,1501215282,38165.88,0.48,1.00,0.33,1.41,-9.31,0.03
49,ULTRACEMCO,UltraTech Cement Ltd.,CEMENT,2886774710,80356.84,1.00,1.00,0.40,1.23,-1.67,0.03
50,WIPRO,Wipro Ltd.,COMPUTERS - SOFTWARE,10973525332,58183.00,0.73,1.08,0.48,1.10,-3.48,0.02
,,,,,8004146.79,,,,,,0.02
,,,,,,,,,,,
* Beta & R2 are calculated for the period 01-Jan-2022 to 30-Dec-2022,,,,,,,,,,,
,,,,,,,,,,,
* Beta measures the  degree to which any portfolio of stocks is affected as compared to the effect,,,,,,,,,,,
  on the market as a whole.,,,,,,,,,,,
,,,,,,,,,,,
* The coefficient of determination (R2) measures the strength of relationship between two variables,,,,,,,,,,,
   the return on  a security versus that of the market.,,,,,,,,,,,
,,,,,,,,,,,
* Volatility is the Std. deviation of the daily returns for the period  01-Jan-2022 to 30-Dec-2022,,,,,,,,,,,
,,,,,,,,,,,
* Last day of trading was 30-Dec-2022,,,,,,,,,,,
,,,,,,,,,,,
* Impact Cost for Nifty 50 is for a portfolio of Rs. 50 Lakhs  ,,,,,,,,,,,
,,,,,,,,,,,
* Impact Cost for Nifty 50 is the weightage average impact cost,,,,,,,,,,,
