Annexure II-  Nifty 50 Index : June 2019,,,,,,,,,,,
,,,,,,,,,,,
Sr. No,Security Symbol,Security Name,Industry,Equity Capital (In Rs.),Free Float Market Capitalisation (Rs. Crores),Weightage (%),Beta,R2,Volatility (%),Monthly Return,Avg. Impact Cost (%)
1,ADANIPORTS,Adani Ports and Special Economic Zone Ltd.,SHIPPING,4141903522,32281.17,0.67,1.32,0.24,1.25,-1.49,0.03
2,ASIANPAINT,Asian Paints Ltd.,PAINTS,959197790,61228.52,1.28,0.96,0.31,1.20,-3.49,0.01
3,AXISBANK,Axis Bank Ltd.,BANKS,5238214864,165178.99,3.44,1.13,0.31,1.33,0.03,0.02
4,BAJAJ-AUTO,Bajaj Auto Ltd.,AUTOMOBILES - 2 AND 3 WHEELERS,2893670200,36812.48,0.77,0.77,0.16,1.49,-3.38,0.02
5,BAJFINANCE,Bajaj Finance Ltd.,FINANCE,1159788396,87520.59,1.82,1.45,0.31,1.10,6.17,0.02
6,BAJAJFINSV,Bajaj Finserv Ltd.,FINANCE,795680555,51550.03,1.07,1.33,0.37,1.07,4.11,0.02
7,BPCL,Bharat Petroleum Corporation Ltd.,REFINERIES,21692527440,31498.96,0.66,1.50,0.23,1.80,-4.13,0.02
8,BHARTIARTL,Bharti Airtel Ltd.,TELECOMMUNICATION - SERVICES,25654955910,65810.35,1.37,1.23,0.22,1.33,-0.62,0.03
9,INFRATEL,Bharti Infratel Ltd.,TELECOMMUNICATION - EQUIPMENT,18496082460,22721.14,0.47,0.32,0.02,1.57,-0.72,0.03
10,BRITANNIA,Britannia Industries Ltd.,FOOD AND FOOD PROCESSING,240318294,32308.70,0.67,0.76,0.19,1.39,-6.10,0.02
11,CIPLA,Cipla Ltd.,PHARMACEUTICALS,1611484158,28094.09,0.59,0.78,0.19,1.36,-0.97,0.02
12,COALINDIA,Coal India Ltd.,MINING,61627283270,45358.91,0.94,0.44,0.06,1.48,0.12,0.03
13,DRREDDY,Dr. Reddy's Laboratories Ltd.,PHARMACEUTICALS,830533770,30926.23,0.64,0.32,0.02,1.30,-4.78,0.02
14,EICHERMOT,Eicher Motors Ltd.,AUTOMOBILES - 4 WHEELERS,272825700,26629.94,0.55,1.35,0.26,1.03,-4.06,0.02
15,GAIL,GAIL (India) Ltd.,GAS,22550709330,28842.24,0.60,0.91,0.15,2.76,-13.59,0.02
16,GRASIM,Grasim Industries Ltd.,CEMENT AND CEMENT PRODUCTS,1315218080,36067.23,0.75,1.25,0.29,1.25,3.16,0.02
17,HCLTECH,HCL Technologies Ltd.,COMPUTERS - SOFTWARE,2712557736,57758.49,1.20,0.52,0.07,1.11,-2.55,0.02
18,HDFCBANK,HDFC Bank Ltd.,BANKS,5465624542,527586.49,10.99,0.72,0.36,0.73,0.76,0.02
19,HEROMOTOCO,Hero MotoCorp Ltd.,AUTOMOBILES - 2 AND 3 WHEELERS,399453768,33513.67,0.70,1.01,0.21,1.96,-3.68,0.02
20,HINDALCO,Hindalco Industries Ltd.,ALUMINIUM,2245845916,30225.16,0.63,1.33,0.27,1.43,5.10,0.02
21,HINDUNILVR,Hindustan Unilever Ltd.,DIVERSIFIED,2164801037,127703.35,2.66,0.65,0.18,1.06,-0.05,0.02
22,HDFC,Housing Development Finance Corporation Ltd.,FINANCE - HOUSING,3439781976,377017.30,7.85,1.22,0.46,1.14,0.43,0.01
23,ICICIBANK,ICICI Bank Ltd.,BANKS,12902728680,281989.14,5.87,1.32,0.37,1.18,3.16,0.02
24,ITC,ITC Ltd.,CIGARETTES,12258631602,234991.84,4.89,0.85,0.30,0.75,-1.69,0.02
25,IBULHSGFIN,Indiabulls Housing Finance Ltd.,FINANCE - HOUSING,855148182,20267.27,0.42,2.35,0.26,5.33,-22.74,0.04
26,IOC,Indian Oil Corporation Ltd.,REFINERIES,94141589220,38159.35,0.79,1.37,0.23,1.53,-5.83,0.03
27,INDUSINDBK,IndusInd Bank Ltd.,BANKS,6031349120,72311.35,1.51,1.29,0.28,2.79,-12.14,0.03
28,INFY,Infosys Ltd.,COMPUTERS - SOFTWARE,21826847220,278004.19,5.79,0.49,0.08,0.87,-0.78,0.02
29,JSWSTEEL,JSW Steel Ltd.,STEEL AND STEEL PRODUCTS,2417220440,28081.33,0.58,1.29,0.27,2.22,1.80,0.03
30,KOTAKBANK,Kotak Mahindra Bank Ltd.,BANKS,9545602460,197397.33,4.11,0.94,0.26,1.16,-2.96,0.02
31,LT,Larsen & Toubro Ltd.,ENGINEERING,2806182556,191776.76,3.99,0.99,0.34,1.33,-0.28,0.02
32,M&M,Mahindra & Mahindra Ltd.,AUTOMOBILES - 4 WHEELERS,6215962720,61104.47,1.27,1.26,0.38,1.33,1.28,0.02
33,MARUTI,Maruti Suzuki India Ltd.,AUTOMOBILES - 4 WHEELERS,1510400300,86855.45,1.81,1.22,0.35,1.47,-4.88,0.02
34,NTPC,NTPC Ltd.,POWER,98945572800,61538.21,1.28,0.63,0.13,0.91,6.08,0.03
35,ONGC,Oil & Natural Gas Corporation Ltd.,OIL EXPLORATION/PRODUCTION,62901396030,52758.55,1.10,0.99,0.19,1.65,-2.44,0.03
36,POWERGRID,Power Grid Corporation of India Ltd.,POWER,52315896480,48708.72,1.01,0.59,0.13,1.36,9.30,0.02
37,RELIANCE,Reliance Industries Ltd.,REFINERIES,63390373000,428946.17,8.93,1.44,0.47,1.35,-5.79,0.02
38,SBIN,State Bank of India,BANKS,8924611534,138632.68,2.89,1.43,0.42,1.41,2.48,0.02
39,SUNPHARMA,Sun Pharmaceutical Industries Ltd.,PHARMACEUTICALS,2399334970,44252.61,0.92,0.87,0.11,1.80,-2.17,0.02
40,TCS,Tata Consultancy Services Ltd.,COMPUTERS - SOFTWARE,3752384706,234004.71,4.87,0.52,0.08,1.13,1.40,0.02
41,TATAMOTORS,Tata Motors Ltd.,AUTOMOBILES - 4 WHEELERS,5774697388,29098.99,0.61,1.65,0.25,1.77,-5.82,0.03
42,TATASTEEL,Tata Steel Ltd.,STEEL AND STEEL PRODUCTS,11264895180,38069.49,0.79,1.29,0.28,2.24,3.30,0.02
43,TECHM,Tech Mahindra Ltd.,COMPUTERS - SOFTWARE,4922180905,44518.57,0.93,0.57,0.08,1.27,-7.07,0.02
44,TITAN,Titan Company Ltd.,"GEMS, JEWELLERY AND WATCHES",887786160,55691.62,1.16,0.79,0.16,1.23,8.01,0.02
45,UPL,UPL Ltd.,PESTICIDES AND AGROCHEMICALS,1018685340,34378.80,0.72,0.99,0.15,2.77,-6.16,0.03
46,ULTRACEMCO,UltraTech Cement Ltd.,CEMENT AND CEMENT PRODUCTS,2746498500,47548.01,0.99,1.19,0.33,1.00,-4.29,0.02
47,VEDL,Vedanta Ltd.,MINING,3717196639,31756.57,0.66,1.30,0.18,1.82,8.60,0.03
48,WIPRO,Wipro Ltd.,COMPUTERS - SOFTWARE,12070632750,44015.56,0.92,0.38,0.05,0.95,-2.06,0.02
49,YESBANK,Yes Bank Ltd.,BANKS,4633917476,20157.54,0.42,1.28,0.05,4.83,-26.42,0.06
50,ZEEL,Zee Entertainment Enterprises Ltd.,MEDIA & ENTERTAINMENT,960481765,20166.56,0.42,0.89,0.05,2.07,-5.26,0.03
,,,,,4801815.87,,,,,,0.02
,,,,,,,,,,,
* Beta & R2 are calculated for the period 01-Jul-2018 to 28-Jun 2019,,,,,,,,,,,
,,,,,,,,,,,
* Beta measures the  degree to which any portfolio of stocks is affected as compared to the effect,,,,,,,,,,,
  on the market as a whole.,,,,,,,,,,,
,,,,,,,,,,,
* The coefficient of determination (R2) measures the strength of relationship between two variables,,,,,,,,,,,
   the return on  a security versus that of the market.,,,,,,,,,,,
,,,,,,,,,,,
* Volatility is the Std. deviation of the daily returns for the period 01-Jul-2018 to 28-Jun 2019,,,,,,,,,,,
,,,,,,,,,,,
* Last day of trading was 28-Jun 2019,,,,,,,,,,,
,,,,,,,,,,,
* Impact Cost for Nifty 50 is for a portfolio of Rs. 50 Lakhs  ,,,,,,,,,,,
,,,,,,,,,,,
* Impact Cost for Nifty 50 is the weightage average impact cost,,,,,,,,,,,
