Annexure II- CNX Nifty Index : June 2013,,,,,,,,,,,
,,,,,,,,,,,
Sr. No,Security Symbol,Security Name,Industry,Equity Capital,Free Float Market Capitalisation for June 2013,Weightage,Beta,R2,Volatility,Monthly Return,Avg. Impact Cost June 2013
,,,,(In Rs.),(Rs. Crores),%,,,%,,%
1,ACC,ACC Ltd.,CEMENT AND CEMENT PRODUCTS,1877452660,11409,0.61,0.81,0.27,1.27,0.32,0.06
2,AMBUJACEM,Ambuja Cements Ltd.,CEMENT AND CEMENT PRODUCTS,3086229372,14247,0.76,0.83,0.17,1.92,2.47,0.07
3,ASIANPAINT,Asian Paints Ltd.,PAINTS,959197790,20998,1.12,0.65,0.18,1.63,-4.66,0.05
4,AXISBANK,Axis Bank Ltd.,BANKS,4686100260,41063,2.18,1.42,0.45,2.15,-7.36,0.06
5,BAJAJ-AUTO,Bajaj Auto Ltd.,AUTOMOBILES - 2 AND 3 WHEELERS,2893670200,25819,1.37,0.75,0.17,1.95,5.68,0.05
6,BANKBARODA,Bank of Baroda,BANKS,4212563030,10785,0.57,1.37,0.36,2.31,-11.89,0.06
7,BHARTIARTL,Bharti Airtel Ltd.,TELECOMMUNICATION - SERVICES,18987650480,34844,1.85,0.96,0.15,2.61,-3.38,0.06
8,BHEL,Bharat Heavy Electricals Ltd.,ELECTRICAL EQUIPMENT,4895200000,13767,0.73,1.42,0.36,2.37,-13.11,0.07
9,BPCL,Bharat Petroleum Corporation Ltd.,REFINERIES,7230842480,9483,0.5,0.95,0.2,2.2,-2.63,0.06
10,CAIRN,Cairn India Ltd.,OIL EXPLORATION/PRODUCTION,19102766990,17149,0.91,0.71,0.18,1.66,1.56,0.06
11,CIPLA,Cipla Ltd.,PHARMACEUTICALS,1605842714,19889,1.06,0.58,0.11,0.9,5.78,0.05
12,COALINDIA,Coal India Ltd.,MINING,63163644000,19110,1.02,0.57,0.14,1.63,-6.82,0.05
13,DLF,DLF Ltd.,CONSTRUCTION,3559481648,6911,0.37,1.88,0.39,2.92,-6.91,0.07
14,DRREDDY,Dr. Reddy's Laboratories Ltd.,PHARMACEUTICALS,849182375,28050,1.49,0.31,0.05,1.41,6.06,0.05
15,GAIL,GAIL (India) Ltd.,GAS,12684774000,14073,0.75,0.9,0.23,1.88,2.37,0.07
16,GRASIM,Grasim Industries Ltd.,CEMENT AND CEMENT PRODUCTS,917812680,17539,0.93,0.74,0.27,1,-3.3,0.07
17,HCLTECH,HCL Technologies Ltd.,COMPUTERS - SOFTWARE,1392990360,20544,1.09,0.52,0.09,1.57,4.18,0.05
18,HDFC,Housing Development Finance Corporation Ltd.,FINANCE - HOUSING,3095414810,136051,7.24,1.13,0.38,1.95,-1.25,0.07
19,HDFCBANK,HDFC Bank Ltd.,BANKS,4762297860,123023,6.55,1.02,0.49,1.85,-4.43,0.08
20,HEROMOTOCO,Hero MotoCorp Ltd.,AUTOMOBILES - 2 AND 3 WHEELERS,399375000,15870,0.84,0.55,0.11,1.62,-4.22,0.07
21,HINDALCO,Hindalco Industries Ltd.,ALUMINIUM,1914583068,12837,0.68,1.51,0.38,3.35,-2.54,0.08
22,HINDUNILVR,Hindustan Unilever Ltd.,DIVERSIFIED,2162472310,60096,3.2,0.39,0.04,0.37,-1.24,0.02
23,ICICIBANK,ICICI Bank Ltd.,BANKS,11538249440,123546,6.57,1.53,0.62,1.81,-7.25,0.06
24,IDFC,IDFC Ltd.,FINANCIAL INSTITUTION,15148009280,15844,0.84,1.67,0.44,2.08,-11.44,0.06
25,INDUSINDBK,IndusInd Bank Ltd.,BANKS,5230008380,19780,1.05,1.29,0.39,2.48,-9.64,0.07
26,INFY,Infosys Ltd.,COMPUTERS - SOFTWARE,2871180830,120482,6.41,0.69,0.07,1.79,3.61,0.06
27,ITC,I T C Ltd.,CIGARETTES,7901833110,178028,9.47,0.69,0.19,1.08,-4.57,0.05
28,JINDALSTEL,Jindal Steel & Power Ltd.,STEEL AND STEEL PRODUCTS,934833818,8319,0.44,1.65,0.3,5.02,-23.55,0.08
29,JPASSOCIAT,Jaiprakash Associates Ltd.,CONSTRUCTION,4438167118,6572,0.35,2.22,0.45,3.59,-18.35,0.08
30,KOTAKBANK,Kotak Mahindra Bank Ltd.,BANKS,3834502285,28051,1.49,0.98,0.33,2.12,-7.76,0.08
31,LT,Larsen & Toubro Ltd.,ENGINEERING,1231649620,76219,4.06,1.44,0.52,1.69,0.51,0.05
32,LUPIN,Lupin Ltd.,PHARMACEUTICALS,895427736,18601,0.99,0.5,0.09,1.55,5.93,0.06
33,M&M,Mahindra & Mahindra Ltd.,AUTOMOBILES - 4 WHEELERS,3069903780,44584,2.37,1.01,0.3,2.47,0.32,0.07
34,MARUTI,Maruti Suzuki India Ltd.,AUTOMOBILES - 4 WHEELERS,1510400300,20343,1.08,0.83,0.16,1.62,-4.23,0.06
35,NMDC,NMDC Ltd.,MINING,3964716000,8360,0.44,0.99,0.24,1.99,-10.33,0.07
36,NTPC,NTPC Ltd.,POWER,82454644000,29632,1.58,0.64,0.17,1.72,-6.78,0.06
37,ONGC,Oil & Natural Gas Corporation Ltd.,OIL EXPLORATION/PRODUCTION,42777450600,58586,3.12,0.99,0.26,2.32,0.98,0.07
38,PNB,Punjab National Bank,BANKS,3534733960,9691,0.52,1.44,0.37,1.98,-14.37,0.07
39,POWERGRID,Power Grid Corporation of India Ltd.,POWER,46297253530,15757,0.84,0.66,0.18,1.84,-1.77,0.06
40,RANBAXY,Ranbaxy Laboratories Ltd.,PHARMACEUTICALS,2115504945,4770,0.25,0.81,0.14,2.52,-17.66,0.07
41,RELIANCE,Reliance Industries Ltd.,REFINERIES,32293268730,141607,7.53,1.2,0.45,1.91,6.98,0.06
42,RELINFRA,Reliance Infrastructure Ltd.,POWER,2629900000,4727,0.25,2.12,0.5,2.89,-3.36,0.06
43,SBIN,State Bank of India,BANKS,6840339710,50368,2.68,1.3,0.42,1.25,-4.54,0.04
44,SESAGOA,Sesa Goa Ltd.,MINING,869101423,5569,0.3,1.47,0.39,2.11,-12.87,0.09
45,SUNPHARMA,Sun Pharmaceutical Industries Ltd.,PHARMACEUTICALS,1035581955,38045,2.02,0.49,0.09,1.85,-3.12,0.06
46,TATAMOTORS,Tata Motors Ltd.,AUTOMOBILES - 4 WHEELERS,5439891692,49953,2.66,1.35,0.31,2.01,-10.21,0.05
47,TATAPOWER,Tata Power Co. Ltd.,POWER,2373072360,13830,0.74,0.95,0.26,2.47,-3.47,0.07
48,TATASTEEL,Tata Steel Ltd.,STEEL AND STEEL PRODUCTS,9712152290,18251,0.97,1.4,0.45,2.36,-6.17,0.06
49,TCS,Tata Consultancy Services Ltd.,COMPUTERS - SOFTWARE,1957220996,77376,4.12,0.41,0.07,1.74,1.31,0.06
50,ULTRACEMCO,UltraTech Cement Ltd.,CEMENT AND CEMENT PRODUCTS,2741819730,19037,1.01,0.64,0.14,1.95,-0.07,0.08
,,,,,1879484,100,,,,,0.06
,,,,,,,,,,,
* Beta & R2 are calculated for the period 01-Jul-2012 to 28-Jun-2013,,,,,,,,,,,
,,,,,,,,,,,
* Beta measures the  degree to which any portfolio of stocks is affected as compared to the effect,,,,,,,,,,,
  on the market as a whole.,,,,,,,,,,,
,,,,,,,,,,,
* The coefficient of determination (R2) measures the strength of relationship between two variables,,,,,,,,,,,
   the return on  a security versus that of the market.,,,,,,,,,,,
,,,,,,,,,,,
* Volatility is the Std. deviation of the daily returns for the period 01-Jul-2013 to 28-Jun-2013,,,,,,,,,,,
,,,,,,,,,,,
* Last day of trading was 28-Jun-2013,,,,,,,,,,,
,,,,,,,,,,,
* Impact Cost for CNX Nifty is for a portfolio of Rs. 50 Lakhs  ,,,,,,,,,,,
,,,,,,,,,,,
* Impact Cost for CNX Nifty is the weightage average impact cost,,,,,,,,,,,
