Annexure II-  Nifty 50 Index : Oct 2019,,,,,,,,,,,
,,,,,,,,,,,
Sr. No,Security Symbol,Security Name,Industry,Equity Capital (In Rs.),Free Float Market Capitalisation (Rs. Crores),Weightage (%),Beta,R2,Volatility (%),Monthly Return,Avg. Impact Cost (%)
1,ADANIPORTS,Adani Ports and Special Economic Zone Ltd.,SHIPPING,4141903522,31147.94,0.64,1.27,0.28,1.81,-4.38,0.03
2,ASIANPAINT,Asian Paints Ltd.,PAINTS,959197790,81580.92,1.67,0.97,0.35,1.24,2.69,0.02
3,AXISBANK,Axis Bank Ltd.,BANKS,5638008906,163986.14,3.35,1.25,0.45,1.56,7.50,0.03
4,BAJAJ-AUTO,Bajaj Auto Ltd.,AUTOMOBILES - 2 AND 3 WHEELERS,2893670200,42285.42,0.86,0.89,0.30,1.10,10.39,0.03
5,BAJFINANCE,Bajaj Finance Ltd.,FINANCE,1159788396,95757.67,1.96,1.54,0.44,1.65,-0.46,0.02
6,BAJAJFINSV,Bajaj Finserv Ltd.,FINANCE,795680555,49189.82,1.01,1.43,0.45,1.28,-4.45,0.03
7,BPCL,Bharat Petroleum Corporation Ltd.,REFINERIES,21692527440,42266.15,0.86,1.33,0.24,2.78,12.02,0.02
8,BHARTIARTL,Bharti Airtel Ltd.,TELECOMMUNICATION - SERVICES,25659809250,71063.56,1.45,0.98,0.17,2.70,1.96,0.04
9,INFRATEL,Bharti Infratel Ltd.,TELECOMMUNICATION - EQUIPMENT,18496082460,16140.05,0.33,0.45,0.03,3.62,-26.27,0.05
10,BRITANNIA,Britannia Industries Ltd.,FOOD AND FOOD PROCESSING,240318294,38466.16,0.79,0.83,0.21,1.66,10.95,0.02
11,CIPLA,Cipla Ltd.,PHARMACEUTICALS,1611909228,23704.37,0.48,0.55,0.10,1.93,9.72,0.03
12,COALINDIA,Coal India Ltd.,MINING,61627283270,37093.15,0.76,0.68,0.13,1.89,3.85,0.04
13,DRREDDY,Dr. Reddy's Laboratories Ltd.,PHARMACEUTICALS,830728740,33756.43,0.69,0.28,0.03,1.17,3.00,0.03
14,EICHERMOT,Eicher Motors Ltd.,AUTOMOBILES - 4 WHEELERS,272888190,31366.94,0.64,1.61,0.36,2.06,26.87,0.02
15,GAIL,GAIL (India) Ltd.,GAS,45101418660,25398.19,0.52,0.91,0.19,2.17,2.12,0.03
16,GRASIM,Grasim Industries Ltd.,CEMENT AND CEMENT PRODUCTS,1315345468,30335.15,0.62,1.42,0.37,2.82,5.29,0.02
17,HCLTECH,HCL Technologies Ltd.,COMPUTERS - SOFTWARE,2712726216,63084.45,1.29,0.31,0.03,1.44,7.60,0.02
18,HDFCBANK,HDFC Bank Ltd.,BANKS,5470763894,531745.39,10.87,1.02,0.53,1.40,0.24,0.02
19,HEROMOTOCO,Hero MotoCorp Ltd.,AUTOMOBILES - 2 AND 3 WHEELERS,399453768,35106.59,0.72,1.32,0.31,1.26,-0.02,0.02
20,HINDALCO,Hindalco Industries Ltd.,ALUMINIUM,2245924242,27430.60,0.56,1.14,0.31,1.60,-1.80,0.03
21,HINDUNILVR,Hindustan Unilever Ltd.,DIVERSIFIED,2164812057,155404.39,3.18,0.72,0.28,0.86,9.76,0.01
22,HDFC,Housing Development Finance Corporation Ltd.,FINANCE - HOUSING,3447303964,367465.37,7.51,1.15,0.47,0.99,7.83,0.02
23,ICICIBANK,ICICI Bank Ltd.,BANKS,12916216132,299042.69,6.11,1.39,0.51,1.97,6.77,0.03
24,ITC,ITC Ltd.,CIGARETTES,12284983252,221565.82,4.53,0.77,0.29,1.37,-0.85,0.03
25,IOC,Indian Oil Corporation Ltd.,REFINERIES,94141589220,35931.96,0.73,1.30,0.29,1.31,-0.41,0.03
26,INDUSINDBK,IndusInd Bank Ltd.,BANKS,6929662570,79170.29,1.62,1.72,0.40,3.02,-5.08,0.04
27,INFY,Infosys Ltd.,COMPUTERS - SOFTWARE,21292060890,251082.80,5.13,0.31,0.02,3.99,-14.90,0.02
28,JSWSTEEL,JSW Steel Ltd.,STEEL AND STEEL PRODUCTS,2417220440,23147.30,0.47,1.47,0.37,2.33,-0.85,0.03
29,KOTAKBANK,Kotak Mahindra Bank Ltd.,BANKS,9549068405,210490.11,4.30,1.07,0.37,1.41,-4.25,0.02
30,LT,Larsen & Toubro Ltd.,ENGINEERING,2806531164,181903.07,3.72,1.30,0.54,1.06,-0.08,0.03
31,M&M,Mahindra & Mahindra Ltd.,AUTOMOBILES - 4 WHEELERS,6215962720,58052.93,1.19,1.45,0.46,1.76,10.84,0.02
32,MARUTI,Maruti Suzuki India Ltd.,AUTOMOBILES - 4 WHEELERS,1510400300,100475.94,2.05,1.42,0.41,1.62,12.56,0.02
33,NTPC,NTPC Ltd.,POWER,98945572800,53288.13,1.09,0.58,0.11,0.98,4.17,0.03
34,NESTLEIND,Nestle India Ltd.,FOOD AND FOOD PROCESSING,964157160,53321.65,1.09,0.63,0.16,1.28,7.61,0.02
35,ONGC,Oil & Natural Gas Corporation Ltd.,OIL EXPLORATION/PRODUCTION,62901396030,44565.64,0.91,1.03,0.25,1.80,7.51,0.03
36,POWERGRID,Power Grid Corporation of India Ltd.,POWER,52315896480,46695.86,0.95,0.35,0.05,1.08,-0.35,0.03
37,RELIANCE,Reliance Industries Ltd.,REFINERIES,63391220990,501265.45,10.24,1.03,0.30,1.33,9.92,0.02
38,SBIN,State Bank of India,BANKS,8924611534,119886.09,2.45,1.57,0.46,3.31,15.36,0.03
39,SUNPHARMA,Sun Pharmaceutical Industries Ltd.,PHARMACEUTICALS,2399334970,47834.10,0.98,0.50,0.04,0.98,11.29,0.02
40,TCS,Tata Consultancy Services Ltd.,COMPUTERS - SOFTWARE,3752384706,238464.80,4.87,0.31,0.04,1.41,8.11,0.01
41,TATAMOTORS,Tata Motors Ltd.,AUTOMOBILES - 4 WHEELERS,5774697388,31811.08,0.65,1.93,0.24,6.06,51.30,0.04
42,TATASTEEL,Tata Steel Ltd.,STEEL AND STEEL PRODUCTS,11264895180,28721.93,0.59,1.52,0.36,2.43,5.56,0.03
43,TECHM,Tech Mahindra Ltd.,COMPUTERS - SOFTWARE,4823575740,45627.17,0.93,0.30,0.03,1.32,3.43,0.03
44,TITAN,Titan Company Ltd.,"GEMS, JEWELLERY AND WATCHES",887786160,55545.58,1.13,0.92,0.22,1.58,4.57,0.02
45,UPL,UPL Ltd.,PESTICIDES AND AGROCHEMICALS,1528028010,32810.12,0.67,0.77,0.13,0.98,-1.24,0.03
46,ULTRACEMCO,UltraTech Cement Ltd.,CEMENT AND CEMENT PRODUCTS,2746505080,43241.42,0.88,1.41,0.46,2.09,-4.56,0.03
47,VEDL,Vedanta Ltd.,MINING,3717196639,27020.86,0.55,1.54,0.28,2.30,-3.76,0.03
48,WIPRO,Wipro Ltd.,COMPUTERS - SOFTWARE,11424565304,38511.07,0.79,0.35,0.04,1.15,8.13,0.02
49,YESBANK,Yes Bank Ltd.,BANKS,5100619862,14722.43,0.30,1.68,0.06,11.33,70.05,0.10
50,ZEEL,Zee Entertainment Enterprises Ltd.,MEDIA & ENTERTAINMENT,960481765,16019.30,0.33,0.81,0.04,4.89,-1.85,0.04
,,,,,4893990.45,,,,,,0.02
,,,,,,,,,,,
* Beta & R2 are calculated for the period 01-Nov-2018 to 31-Oct-2019,,,,,,,,,,,
,,,,,,,,,,,
* Beta measures the  degree to which any portfolio of stocks is affected as compared to the effect,,,,,,,,,,,
  on the market as a whole.,,,,,,,,,,,
,,,,,,,,,,,
* The coefficient of determination (R2) measures the strength of relationship between two variables,,,,,,,,,,,
   the return on  a security versus that of the market.,,,,,,,,,,,
,,,,,,,,,,,
* Volatility is the Std. deviation of the daily returns for the period 01-Nov-2018 to 31-Oct-2019,,,,,,,,,,,
,,,,,,,,,,,
* Last day of trading was 31-Oct-2019,,,,,,,,,,,
,,,,,,,,,,,
* Impact Cost for Nifty 50 is for a portfolio of Rs. 50 Lakhs  ,,,,,,,,,,,
,,,,,,,,,,,
* Impact Cost for Nifty 50 is the weightage average impact cost,,,,,,,,,,,
