Annexure II-  Nifty 50 Index : April 2017,,,,,,,,,,,
,,,,,,,,,,,
Sr. No,Security Symbol,Security Name,Industry,Equity Capital (In Rs.),Free Float Market Capitalisation (Rs. Crores),Weightage (%),Beta,R2,Volatility (%),Monthly Return,Avg. Impact Cost (%)
1,ACC,ACC Ltd.,CEMENT AND CEMENT PRODUCTS,1877871730,13745.04,0.39,1.16,0.35,1.87,12.48,0.02
2,ADANIPORTS,Adani Ports and Special Economic Zone Ltd.,SHIPPING,4141903522,26467.38,0.76,1.64,0.27,2.23,-3.50,0.04
3,AMBUJACEM,Ambuja Cements Ltd.,CEMENT AND CEMENT PRODUCTS,3971290458,18066.00,0.52,1.36,0.41,1.30,3.91,0.03
4,ASIANPAINT,Asian Paints Ltd.,PAINTS,959197790,50512.46,1.45,0.96,0.22,1.21,4.37,0.02
5,AUROPHARMA,Aurobindo Pharma Ltd.,PHARMACEUTICALS,585169586,17042.48,0.49,1.22,0.23,1.24,-10.14,0.02
6,AXISBANK,Axis Bank Ltd.,BANKS,4783550966,86546.75,2.49,1.26,0.28,1.53,3.84,0.03
7,BAJAJ-AUTO,Bajaj Auto Ltd.,AUTOMOBILES - 2 AND 3 WHEELERS,2893670200,38951.12,1.12,0.88,0.28,0.79,2.09,0.03
8,BANKBARODA,Bank of Baroda,BANKS,4608319196,17717.95,0.51,1.41,0.20,1.75,8.44,0.03
9,BPCL,Bharat Petroleum Corporation Ltd.,REFINERIES,14461684960,37445.64,1.08,0.87,0.14,1.82,10.68,0.02
10,BHARTIARTL,Bharti Airtel Ltd.,TELECOMMUNICATION - SERVICES,19987000510,46895.50,1.35,0.78,0.12,1.26,1.56,0.03
11,INFRATEL,Bharti Infratel Ltd.,TELECOMMUNICATION - EQUIPMENT,18496082460,18369.57,0.53,0.52,0.03,2.48,8.84,0.02
12,BOSCHLTD,Bosch Ltd.,AUTO ANCILLARIES,305207400,21051.62,0.60,1.13,0.29,1.06,1.06,0.03
13,CIPLA,Cipla Ltd.,PHARMACEUTICALS,1608943482,28252.52,0.81,0.47,0.06,0.66,-5.99,0.02
14,COALINDIA,Coal India Ltd.,MINING,62074091770,36062.87,1.04,0.60,0.10,1.06,-5.47,0.03
15,DRREDDY,Dr. Reddy's Laboratories Ltd.,PHARMACEUTICALS,828663700,31445.79,0.90,0.53,0.07,1.31,-1.26,0.02
16,EICHERMOT,Eicher Motors Ltd.,AUTOMOBILES - 4 WHEELERS,272102490,34756.52,1.00,1.09,0.21,1.03,1.88,0.02
17,GAIL,GAIL (India) Ltd.,GAS,16913032000,27247.06,0.78,0.75,0.14,1.40,12.47,0.02
18,GRASIM,Grasim Industries Ltd.,CEMENT AND CEMENT PRODUCTS,933603040,37203.36,1.07,1.22,0.26,2.14,10.11,0.02
19,HCLTECH,HCL Technologies Ltd.,COMPUTERS - SOFTWARE,2822395988,45954.25,1.32,0.51,0.08,1.10,-6.93,0.02
20,HDFCBANK,HDFC Bank Ltd.,BANKS,5116565834,312554.38,8.98,0.77,0.39,0.92,7.21,0.03
21,HEROMOTOCO,Hero MotoCorp Ltd.,AUTOMOBILES - 2 AND 3 WHEELERS,399393676,42413.69,1.22,1.02,0.30,0.83,3.00,0.02
22,HINDALCO,Hindalco Industries Ltd.,ALUMINIUM,2243254090,29067.53,0.83,1.61,0.24,1.85,2.20,0.02
23,HINDUNILVR,Hindustan Unilever Ltd.,DIVERSIFIED,2164274684,66775.12,1.92,0.62,0.18,0.99,2.54,0.02
24,HDFC,Housing Development Finance Corporation Ltd.,FINANCE - HOUSING,3171883160,243783.01,7.00,1.23,0.41,1.37,2.33,0.01
25,ITC,I T C Ltd.,CIGARETTES,12126114462,235974.19,6.78,0.97,0.24,1.57,-0.82,0.03
26,ICICIBANK,ICICI Bank Ltd.,BANKS,11644081870,162143.84,4.66,1.69,0.43,1.52,0.60,0.02
27,IBULHSGFIN,Indiabulls Housing Finance Ltd.,FINANCE - HOUSING,847588870,32754.31,0.94,1.31,0.25,1.39,1.92,0.03
28,IOC,Indian Oil Corporation Ltd.,REFINERIES,48559049640,44873.66,1.29,1.08,0.19,1.69,13.69,0.02
29,INDUSINDBK,IndusInd Bank Ltd.,BANKS,5980542800,72589.32,2.08,1.08,0.33,0.86,1.39,0.02
30,INFY,Infosys Ltd.,COMPUTERS - SOFTWARE,11484723320,183637.63,5.27,0.63,0.12,1.34,-10.11,0.02
31,KOTAKBANK,Kotak Mahindra Bank Ltd.,BANKS,9197849290,107848.00,3.10,0.84,0.27,1.12,3.41,0.02
32,LT,Larsen & Toubro Ltd.,ENGINEERING,1865569994,143632.47,4.12,1.32,0.38,1.58,11.11,0.03
33,LUPIN,Lupin Ltd.,PHARMACEUTICALS,902990708,32025.72,0.92,0.87,0.17,1.34,-7.39,0.02
34,M&M,Mahindra & Mahindra Ltd.,AUTOMOBILES - 4 WHEELERS,3105461920,62212.50,1.79,1.02,0.33,1.27,3.78,0.02
35,MARUTI,Maruti Suzuki India Ltd.,AUTOMOBILES - 4 WHEELERS,1510400300,86725.19,2.49,1.24,0.40,1.46,8.46,0.02
36,NTPC,NTPC Ltd.,POWER,82454644000,40691.37,1.17,0.76,0.17,1.25,-0.90,0.03
37,ONGC,Oil & Natural Gas Corporation Ltd.,OIL EXPLORATION/PRODUCTION,64166175900,52668.88,1.51,0.66,0.11,1.18,0.84,0.02
38,POWERGRID,Power Grid Corporation of India Ltd.,POWER,52315896480,45703.17,1.31,0.79,0.19,1.45,5.42,0.03
39,RELIANCE,Reliance Industries Ltd.,REFINERIES,32438610440,230817.58,6.63,0.74,0.15,1.73,5.62,0.02
40,SBIN,State Bank of India,BANKS,7973504442,92412.92,2.65,1.45,0.35,1.26,-1.24,0.02
41,SUNPHARMA,Sun Pharmaceutical Industries Ltd.,PHARMACEUTICALS,2399270188,70849.73,2.03,0.73,0.11,1.31,-6.71,0.02
42,TCS,Tata Consultancy Services Ltd.,COMPUTERS - SOFTWARE,1970427941,120935.11,3.47,0.60,0.10,0.87,-6.52,0.02
43,TATAMTRDVR,Tata Motors Ltd DVR,AUTOMOBILES - 4 WHEELERS,1017004582,14238.06,0.41,1.66,0.31,1.16,-0.76,0.04
44,TATAMOTORS,Tata Motors Ltd.,AUTOMOBILES - 4 WHEELERS,5774696856,86125.27,2.47,1.72,0.34,1.05,-1.49,0.02
45,TATAPOWER,Tata Power Co. Ltd.,POWER,2704773510,15276.83,0.44,0.91,0.21,1.12,-6.70,0.04
46,TATASTEEL,Tata Steel Ltd.,STEEL AND STEEL PRODUCTS,9712154390,30105.98,0.86,1.62,0.34,1.38,-6.93,0.02
47,TECHM,Tech Mahindra Ltd.,COMPUTERS - SOFTWARE,4865912425,25969.18,0.75,1.01,0.20,1.30,-9.19,0.03
48,ULTRACEMCO,UltraTech Cement Ltd.,CEMENT AND CEMENT PRODUCTS,2744845080,44318.30,1.27,1.22,0.35,1.29,6.63,0.03
49,WIPRO,Wipro Ltd.,COMPUTERS - SOFTWARE,4861764448,31238.05,0.90,0.48,0.11,0.99,-4.16,0.02
50,YESBANK,Yes Bank Ltd.,BANKS,4564858130,59534.88,1.71,1.43,0.37,1.59,5.40,0.02
51,ZEEL,Zee Entertainment Enterprises Ltd.,MEDIA & ENTERTAINMENT,960448720,28842.71,0.83,1.05,0.19,1.41,-1.62,0.03
,,,,,3482472.45,,,,,,0.02
,,,,,,,,,,,
* Beta & R2 are calculated for the period 01-May-2016 to 28-April-2017,,,,,,,,,,,
,,,,,,,,,,,
* Beta measures the  degree to which any portfolio of stocks is affected as compared to the effect,,,,,,,,,,,
  on the market as a whole.,,,,,,,,,,,
,,,,,,,,,,,
* The coefficient of determination (R2) measures the strength of relationship between two variables,,,,,,,,,,,
   the return on  a security versus that of the market.,,,,,,,,,,,
,,,,,,,,,,,
* Volatility is the Std. deviation of the daily returns for the period 01-April-2016 to 28-April-2017,,,,,,,,,,,
,,,,,,,,,,,
* Last day of trading was 28-April-2017,,,,,,,,,,,
,,,,,,,,,,,
* Impact Cost for Nifty 50 is for a portfolio of Rs. 50 Lakhs  ,,,,,,,,,,,
,,,,,,,,,,,
* Impact Cost for Nifty 50 is the weightage average impact cost,,,,,,,,,,,
