Annexure II-  Nifty 50 Index : Apr 2021,,,,,,,,,,,
,,,,,,,,,,,
Sr. No,Security Symbol,Security Name,Industry,Equity Capital (In Rs.),Free Float Market Capitalisation (Rs. Crores),Weightage (%),Beta,R2,Volatility (%),Monthly Return,Avg. Impact Cost (%)
1,ADANIPORTS,Adani Ports and Special Economic Zone Ltd.,PORT,4063503522,53398.09,0.84,1.12,0.30,4.18,3.94,0.04
2,ASIANPAINT,Asian Paints Ltd.,PAINTS,959197790,114346.74,1.81,0.70,0.21,1.80,-0.04,0.02
3,AXISBANK,Axis Bank Ltd.,PRIVATE SECTOR BANK,6126763828,179580.96,2.84,1.61,0.48,2.38,2.50,0.03
4,BAJAJ-AUTO,Bajaj Auto Ltd.,MOTOR CYCLES/SCOOTERS,2893670200,49921.24,0.79,0.77,0.25,1.93,4.44,0.03
5,BAJFINANCE,Bajaj Finance Ltd.,NBFC,1205174678,144550.82,2.28,1.74,0.51,3.64,5.87,0.02
6,BAJAJFINSV,Bajaj Finserv Ltd.,GENERAL INSURANCE,795687220,66771.32,1.06,1.48,0.45,2.95,14.20,0.03
7,BPCL,Bharat Petroleum Corporation Ltd.,REFINERIES/MARKETING,21692527440,39344.60,0.62,1.05,0.27,1.72,-1.44,0.02
8,BHARTIARTL,Bharti Airtel Ltd.,TELECOM - SERVICES,27460136340,129705.21,2.05,0.66,0.14,1.58,3.76,0.02
9,BRITANNIA,Britannia Industries Ltd.,CONSUMER FOOD,240868296,40706.98,0.64,0.32,0.08,1.39,-4.86,0.02
10,CIPLA,Cipla Ltd.,PHARMACEUTICALS,1612920892,46252.16,0.73,0.25,0.02,1.79,11.69,0.02
11,COALINDIA,Coal India Ltd.,INDUSTRIAL MINERALS,61627283270,27878.33,0.44,0.95,0.32,1.67,2.07,0.03
12,DIVISLAB,Divi's Laboratories Ltd.,PHARMACEUTICALS,530937160,51764.46,0.82,0.58,0.13,1.34,12.13,0.02
13,DRREDDY,Dr. Reddy's Laboratories Ltd.,PHARMACEUTICALS,831501845,62679.66,0.99,0.25,0.03,1.97,14.33,0.02
14,EICHERMOT,Eicher Motors Ltd.,MOTOR CYCLES/SCOOTERS,273335922,33758.12,0.53,1.08,0.35,2.38,-7.00,0.02
15,GRASIM,Grasim Industries Ltd.,CEMENT,1315902008,53492.40,0.85,0.98,0.33,1.93,-3.36,0.02
16,HCLTECH,HCL Technologies Ltd.,COMPUTERS - SOFTWARE,5427330192,97577.97,1.54,0.68,0.18,1.80,-8.52,0.02
17,HDFCBANK,HDFC Bank Ltd.,PRIVATE SECTOR BANK,5512776482,615069.84,9.72,1.31,0.61,1.94,-5.45,0.02
18,HDFCLIFE,HDFC Life Insurance Company Ltd.,LIFE INSURANCE,20209439660,55109.32,0.87,0.65,0.23,1.85,-4.47,0.02
19,HEROMOTOCO,Hero MotoCorp Ltd.,MOTOR CYCLES/SCOOTERS,399560434,36608.68,0.58,0.82,0.23,1.87,-3.24,0.02
20,HINDALCO,Hindalco Industries Ltd.,ALUMINIUM,2246684247,53214.96,0.84,1.36,0.35,3.18,11.49,0.03
21,HINDUNILVR,Hindustan Unilever Ltd.,DIVERSIFIED,2349564645,210150.94,3.32,0.42,0.14,1.37,-3.20,0.02
22,HDFC,Housing Development Finance Corporation Ltd.,HOUSING FINANCE,3602421566,435911.02,6.89,1.43,0.58,2.34,-3.12,0.02
23,ICICIBANK,ICICI Bank Ltd.,PRIVATE SECTOR BANK,13830908690,415273.03,6.56,1.71,0.63,2.67,3.16,0.03
24,ITC,ITC Ltd.,CIGARETTES & RELATED PRODUCTS,12307869772,177043.78,2.80,0.61,0.17,1.29,-7.28,0.03
25,IOC,Indian Oil Corporation Ltd.,REFINERIES/MARKETING,94141589220,23092.46,0.36,0.94,0.34,1.74,-1.09,0.04
26,INDUSINDBK,IndusInd Bank Ltd.,PRIVATE SECTOR BANK,7731551870,52768.89,0.83,1.73,0.38,3.29,-2.04,0.03
27,INFY,Infosys Ltd.,COMPUTERS - SOFTWARE,21299439990,501936.00,7.93,0.68,0.21,1.10,-1.00,0.02
28,JSWSTEEL,JSW Steel Ltd.,STEEL,2417220440,69408.07,1.10,1.17,0.34,3.58,53.24,0.03
29,KOTAKBANK,Kotak Mahindra Bank Ltd.,PRIVATE SECTOR BANK,9908108840,256444.05,4.05,1.18,0.44,1.98,-0.24,0.02
30,LT,Larsen & Toubro Ltd.,ENGINEERING-DESIGNING-CONSTRUCTION,2808870286,161901.46,2.56,1.09,0.44,1.89,-5.53,0.02
31,M&M,Mahindra & Mahindra Ltd.,PASSENGER/UTILITY VEHICLES,6215962720,72038.47,1.14,1.12,0.31,2.81,-5.37,0.02
32,MARUTI,Maruti Suzuki India Ltd.,PASSENGER/UTILITY VEHICLES,1510400300,85805.42,1.36,0.94,0.34,1.88,-5.88,0.02
33,NTPC,NTPC Ltd.,POWER,96966661340,48677.75,0.77,0.79,0.21,1.67,-3.85,0.04
34,NESTLEIND,Nestle India Ltd.,CONSUMER FOOD,964157160,58181.32,0.92,0.33,0.08,1.26,-4.99,0.03
35,ONGC,Oil & Natural Gas Corporation Ltd.,OIL EXPLORATION,62901396030,39456.16,0.62,0.93,0.22,2.27,5.87,0.03
36,POWERGRID,Power Grid Corporation of India Ltd.,POWER - TRANSMISSION,52315896480,56409.35,0.89,0.76,0.22,2.07,2.04,0.03
37,RELIANCE,Reliance Industries Ltd.,REFINERIES/MARKETING,63394419200,644844.86,10.19,0.87,0.29,1.39,-0.43,0.01
38,SBILIFE,SBI Life Insurance Company Ltd.,LIFE INSURANCE,10000697480,36221.83,0.57,0.66,0.22,1.69,5.43,0.03
39,SHREECEM,Shree Cement Ltd.,CEMENT,360807480,37260.17,0.59,1.03,0.36,2.23,-5.28,0.03
40,SBIN,State Bank of India,PUBLIC SECTOR BANK,8924611534,135658.56,2.14,1.52,0.51,2.60,-2.96,0.02
41,SUNPHARMA,Sun Pharmaceutical Industries Ltd.,PHARMACEUTICALS,2399334970,70661.01,1.12,0.59,0.15,1.42,9.48,0.02
42,TCS,Tata Consultancy Services Ltd.,COMPUTERS - SOFTWARE,3699051373,314412.71,4.97,0.55,0.16,1.72,-4.47,0.02
43,TATACONSUM,Tata Consumer Products Ltd.,TEA &  COFFEE,921551715,40103.63,0.63,0.59,0.14,1.77,4.79,0.03
44,TATAMOTORS,Tata Motors Ltd.,PASSENGER/UTILITY VEHICLES,6640615530,52686.31,0.83,1.62,0.35,3.02,-2.63,0.09
45,TATASTEEL,Tata Steel Ltd.,STEEL,11965877200,80422.66,1.27,1.19,0.32,2.80,27.36,0.02
46,TECHM,Tech Mahindra Ltd.,COMPUTERS - SOFTWARE,4841300335,59514.69,0.94,0.77,0.22,1.59,-3.13,0.03
47,TITAN,Titan Company Ltd.,"GEMS, JEWELLERY AND WATCHES",887786160,62240.51,0.98,0.87,0.30,1.85,-4.26,0.02
48,UPL,UPL Ltd.,PESTICIDES AND AGROCHEMICALS,1528090912,33386.34,0.53,0.95,0.19,2.19,-5.45,0.03
49,ULTRACEMCO,UltraTech Cement Ltd.,CEMENT,2886414540,72494.61,1.15,0.96,0.36,2.33,-6.81,0.03
50,WIPRO,Wipro Ltd.,COMPUTERS - SOFTWARE,10958221110,72895.46,1.15,0.64,0.12,2.64,18.98,0.02
,,,,,6329033.39,,,,,,0.02
,,,,,,,,,,,
* Beta & R2 are calculated for the period 01-May-2020 to 30-Apr-2021,,,,,,,,,,,
,,,,,,,,,,,
* Beta measures the  degree to which any portfolio of stocks is affected as compared to the effect,,,,,,,,,,,
  on the market as a whole.,,,,,,,,,,,
,,,,,,,,,,,
* The coefficient of determination (R2) measures the strength of relationship between two variables,,,,,,,,,,,
   the return on  a security versus that of the market.,,,,,,,,,,,
,,,,,,,,,,,
* Volatility is the Std. deviation of the daily returns for the period 01-May-2020 to 30-Apr-2021,,,,,,,,,,,
,,,,,,,,,,,
* Last day of trading was 30-Apr-2021,,,,,,,,,,,
,,,,,,,,,,,
* Impact Cost for Nifty 50 is for a portfolio of Rs. 50 Lakhs  ,,,,,,,,,,,
,,,,,,,,,,,
* Impact Cost for Nifty 50 is the weightage average impact cost,,,,,,,,,,,
