Annexure II- Nifty Next 50 Index : April 2019,,,,,,,,,,,
,,,,,,,,,,,
Sr. No,Security Symbol,Security Name,Industry,Equity Capital (In Rs.),Free Float Market Capitalisation (Rs. Crores),Weightage (%),Beta,R2,Volatility (%),Monthly Return,Avg. Impact Cost (%)
1,ABB,ABB India Ltd.,ELECTRICAL EQUIPMENT,423816750,7836.90,1.13,0.62,0.10,1.37,12.41,0.05
2,ACC,ACC Ltd.,CEMENT AND CEMENT PRODUCTS,1877871730,13791.51,1.99,1.25,0.26,1.51,-2.06,0.02
3,AMBUJACEM,Ambuja Cements Ltd.,CEMENT AND CEMENT PRODUCTS,3971290458,16199.89,2.34,1.38,0.32,1.57,-6.29,0.03
4,ASHOKLEY,Ashok Leyland Ltd.,AUTOMOBILES - 4 WHEELERS,2935527276,12506.96,1.81,1.35,0.17,1.91,-4.76,0.03
5,AUROPHARMA,Aurobindo Pharma Ltd.,PHARMACEUTICALS,585907609,23034.61,3.32,1.11,0.19,1.39,4.44,0.02
6,DMART,Avenue Supermarts Ltd.,MISCELLANEOUS,6240844860,13744.52,1.98,1.14,0.17,2.00,-11.94,0.04
7,BAJAJHLDNG,Bajaj Holdings & Investment Ltd.,FINANCE,1112935100,16829.14,2.43,0.67,0.09,1.53,-9.67,0.05
8,BANDHANBNK,Bandhan Bank Ltd.,BANKS,11930542220,7151.76,1.03,1.21,0.11,2.03,13.91,0.04
9,BANKBARODA,Bank of Baroda,BANKS,6836336140,13955.53,2.01,1.56,0.21,1.79,-9.33,0.03
10,BHEL,Bharat Heavy Electricals Ltd.,ELECTRICAL EQUIPMENT,6964126710,9121.61,1.32,1.27,0.19,1.76,-5.54,0.04
11,BIOCON,Biocon Ltd.,PHARMACEUTICALS,3000000000,12819.60,1.85,0.88,0.13,1.37,-2.79,0.03
12,BOSCHLTD,Bosch Ltd.,AUTO ANCILLARIES,294936400,15943.33,2.30,0.59,0.07,0.63,-0.91,0.04
13,CADILAHC,Cadila Healthcare Ltd.,PHARMACEUTICALS,1023742595,8329.43,1.20,0.97,0.15,0.92,-6.22,0.04
14,COLPAL,Colgate Palmolive (India) Ltd.,PERSONAL CARE,271985634,16101.37,2.32,0.50,0.08,0.89,-3.97,0.04
15,CONCOR,Container Corporation of India Ltd.,TRAVEL AND TRANSPORT,3046471740,13522.68,1.95,0.84,0.13,1.08,-6.11,0.04
16,DLF,DLF Ltd.,CONSTRUCTION,3568956884,7706.72,1.11,1.76,0.24,2.81,-14.67,0.04
17,DABUR,Dabur India Ltd.,PERSONAL CARE,1766291141,22501.14,3.25,0.95,0.19,0.64,-2.62,0.03
18,DIVISLAB,Divi's Laboratories Ltd.,PHARMACEUTICALS,530937160,22259.22,3.21,1.02,0.15,1.44,2.57,0.03
19,GICRE,General Insurance Corporation of India,FINANCE,8772000000,5899.70,0.85,0.27,0.01,1.95,-0.60,0.08
20,GODREJCP,Godrej Consumer Products Ltd.,PERSONAL CARE,1022166096,24651.17,3.56,0.85,0.13,1.27,-4.99,0.04
21,HDFCAMC,HDFC Asset Management Company Ltd.,FINANCE,1062866050,6125.48,0.88,0.83,0.16,1.38,10.51,0.04
22,HDFCLIFE,HDFC Life Insurance Company Ltd.,FINANCE,20173575570,19586.93,2.83,0.66,0.09,1.61,6.88,0.02
23,HAVELLS,Havells India Ltd.,ELECTRICAL EQUIPMENT,625472910,19380.90,2.80,1.17,0.23,0.87,0.28,0.03
24,HINDPETRO,Hindustan Petroleum Corporation Ltd.,REFINERIES,15238226250,21746.85,3.14,1.61,0.15,3.06,2.61,0.03
25,HINDZINC,Hindustan Zinc Ltd.,METALS,8450638000,7018.68,1.01,0.65,0.10,1.17,0.00,0.04
26,ICICIGI,ICICI Lombard General Insurance Company Ltd.,FINANCE,4542529440,17383.01,2.51,0.54,0.05,1.32,5.81,0.05
27,ICICIPRULI,ICICI Prudential Life Insurance Company Ltd.,FINANCE,14357844810,11134.94,1.61,0.98,0.13,0.87,5.44,0.03
28,INDIGO,InterGlobe Aviation Ltd.,TRAVEL AND TRANSPORT,3844068380,14578.63,2.10,0.97,0.08,2.63,6.22,0.02
29,L&TFH,L&T Finance Holdings Ltd.,FINANCE,19988123600,8123.37,1.17,1.87,0.33,1.86,-14.06,0.04
30,LUPIN,Lupin Ltd.,PHARMACEUTICALS,904966390,20913.16,3.02,0.81,0.12,1.32,17.91,0.03
31,MRF,MRF Ltd.,TYRES,42411430,10994.51,1.59,0.77,0.21,1.14,-8.76,0.04
32,MARICO,Marico Ltd.,PERSONAL CARE,1290864398,18557.47,2.68,0.84,0.18,0.87,3.68,0.03
33,MOTHERSUMI,Motherson Sumi Systems Ltd.,AUTO ANCILLARIES,3157934237,17580.22,2.54,1.28,0.15,1.74,-2.14,0.03
34,NHPC,NHPC Ltd.,POWER,1.0045E+11,5160.13,0.74,0.55,0.09,1.14,-5.47,0.11
35,NMDC,NMDC Ltd.,MINING,3061849659,8611.76,1.24,0.92,0.15,0.87,-3.83,0.05
36,OFSS,Oracle Financial Services Software Ltd.,COMPUTERS - SOFTWARE,428866050,7849.52,1.13,0.53,0.07,0.95,3.90,0.05
37,PAGEIND,Page Industries Ltd.,TEXTILE PRODUCTS,111538740,13393.31,1.93,0.99,0.12,1.75,-7.53,0.04
38,PETRONET,Petronet LNG Ltd.,GAS,15000000880,18086.25,2.61,0.71,0.10,1.10,-4.13,0.03
39,PIDILITIND,Pidilite Industries Ltd.,CHEMICALS - SPECIALITY,507978280,18813.74,2.72,1.05,0.23,1.23,-0.94,0.03
40,PEL,Piramal Enterprises Ltd.,PHARMACEUTICALS,368889316,21347.26,3.08,1.58,0.23,1.83,-14.52,0.03
41,PGHH,Procter & Gamble Hygiene & Health Care Ltd.,PERSONAL CARE,324607360,9605.32,1.39,0.17,0.01,0.96,-5.81,0.11
42,SBILIFE,SBI Life Insurance Company Ltd.,FINANCE,10000000000,10237.60,1.48,0.43,0.04,1.40,9.68,0.05
43,SHREECEM,Shree Cement Ltd.,CEMENT AND CEMENT PRODUCTS,348372250,24129.39,3.48,1.17,0.28,1.12,6.01,0.05
44,SRTRANSFIN,Shriram Transport Finance Co. Ltd.,FINANCE,2268827360,16131.54,2.33,1.42,0.17,1.63,-13.03,0.03
45,SIEMENS,Siemens Ltd.,ELECTRICAL EQUIPMENT,712240510,10441.00,1.51,1.11,0.23,1.11,3.89,0.04
46,SAIL,Steel Authority of India Ltd.,STEEL AND STEEL PRODUCTS,41305252890,5762.08,0.83,1.44,0.20,1.91,3.81,0.05
47,NIACL,The New India Assurance Company Ltd.,FINANCE,8240000000,4453.31,0.64,0.51,0.04,1.04,-5.06,0.10
48,UBL,United Breweries Ltd.,BREW/DISTILLERIES,264405149,15757.46,2.27,0.89,0.12,1.06,1.73,0.03
49,MCDOWELL-N,United Spirits Ltd.,BREW/DISTILLERIES,1453277430,16716.40,2.41,0.99,0.14,1.12,1.30,0.03
50,IDEA,Vodafone Idea Ltd.,TELECOMMUNICATION - SERVICES,2.87354E+11,9323.20,1.35,1.27,0.09,4.13,-15.34,0.16
,,,,,692850.20,,,,,,0.04
,,,,,,,,,,,
* Beta & R2 are calculated for the period 01-May-2018 to 30-Apr 2019,,,,,,,,,,,
,,,,,,,,,,,
* Beta measures the  degree to which any portfolio of stocks is affected as compared to the effect,,,,,,,,,,,
  on the market as a whole.,,,,,,,,,,,
,,,,,,,,,,,
* The coefficient of determination (R2) measures the strength of relationship between two variables,,,,,,,,,,,
   the return on  a security versus that of the market.,,,,,,,,,,,
,,,,,,,,,,,
* Volatility is the Std. deviation of the daily returns for the period 01-May-2018 to 30-Apr 2019,,,,,,,,,,,
,,,,,,,,,,,
* Last day of trading was  30-Apr 2019,,,,,,,,,,,
,,,,,,,,,,,
* Impact Cost for Nifty Next 50 is for a portfolio of Rs. 25 Lakhs  ,,,,,,,,,,,
,,,,,,,,,,,
* Impact Cost for Nifty Next 50 is the weightage average impact cost,,,,,,,,,,,
