Annexure II- S&P CNX Nifty Index : December 2009,,,,,,,,,,,
,,,,,,,,,,,
Sr. No,Security Symbol,Security Name,Industry,Equity Capital,Free Float Market Capitalisation for December 2009,Weightage,Beta,R2,Volatility,Monthly Return,Avg. Impact Cost December 2009
,,,,(In Rs.),(Rs. Crores),%,,,%,,%
1,ABB,ABB Ltd.,ELECTRICAL EQUIPMENT,"423,816,750"," 7,785 ",0.51%,0.78 ,0.37 ,0.95 ,3.52 ,0.07
2,ACC,ACC Ltd.,CEMENT AND CEMENT PRODUCTS,"1,877,109,270"," 8,810 ",0.58%,0.77 ,0.38 ,1.58 ,9.38 ,0.06
3,AMBUJACEM,Ambuja Cements Ltd.,CEMENT AND CEMENT PRODUCTS,"3,046,521,930"," 8,503 ",0.56%,0.71 ,0.30 ,1.38 ,12.89 ,0.09
4,AXISBANK,Axis Bank Ltd.,BANKS,"4,023,942,340"," 24,289 ",1.60%,1.30 ,0.58 ,1.70 ,(1.02),0.07
5,BHARTIARTL,Bharti Airtel Ltd.,TELECOMMUNICATION - SERVICES,"37,968,423,300"," 40,447 ",2.67%,0.92 ,0.38 ,2.21 ,10.08 ,0.07
6,BHEL,Bharat Heavy Electricals Ltd.,ELECTRICAL EQUIPMENT,"4,895,200,000"," 37,974 ",2.51%,0.91 ,0.58 ,1.51 ,7.11 ,0.05
7,BPCL,Bharat Petroleum Corporation Ltd.,REFINERIES,"3,615,421,240"," 8,212 ",0.54%,0.40 ,0.12 ,1.42 ,7.70 ,0.06
8,CAIRN,Cairn India Ltd.,OIL EXPLORATION/PRODUCTION,"18,966,678,160"," 12,137 ",0.80%,0.96 ,0.50 ,1.36 ,1.37 ,0.06
9,CIPLA,Cipla Ltd.,PHARMACEUTICALS,"1,605,842,714"," 16,646 ",1.10%,0.42 ,0.17 ,2.15 ,4.70 ,0.07
10,DLF,DLF Ltd.,CONSTRUCTION,"3,394,502,566"," 13,090 ",0.86%,1.59 ,0.49 ,2.02 ,2.73 ,0.06
11,GAIL,GAIL (India) Ltd.,GAS,"12,684,774,000"," 18,567 ",1.23%,0.64 ,0.30 ,2.07 ,(1.28),0.08
12,GRASIM,Grasim Industries Ltd.,CEMENT AND CEMENT PRODUCTS,"916,820,010"," 16,977 ",1.12%,0.73 ,0.35 ,1.15 ,3.96 ,0.06
13,HCLTECH,HCL Technologies Ltd.,COMPUTERS - SOFTWARE,"1,345,170,984"," 7,856 ",0.52%,1.13 ,0.40 ,1.87 ,10.15 ,0.07
14,HDFC,Housing Development Finance Corporation Ltd.,FINANCE - HOUSING,"2,855,216,360"," 67,438 ",4.45%,1.15 ,0.56 ,1.36 ,(3.29),0.06
15,HDFCBANK,HDFC Bank Ltd.,BANKS,"4,281,091,090"," 58,816 ",3.88%,0.83 ,0.58 ,1.33 ,(3.62),0.06
16,HEROHONDA,Hero Honda Motors Ltd.,AUTOMOBILES - 2 AND 3 WHEELERS,"399,375,000"," 15,449 ",1.02%,0.63 ,0.28 ,1.18 ,(0.45),0.06
17,HINDALCO,Hindalco Industries Ltd.,ALUMINIUM,"1,913,427,425"," 19,667 ",1.30%,1.25 ,0.49 ,2.70 ,16.47 ,0.07
18,HINDUNILVR,Hindustan Unilever Ltd.,DIVERSIFIED,"2,181,233,770"," 27,704 ",1.83%,0.35 ,0.14 ,1.12 ,(7.15),0.06
19,ICICIBANK,ICICI Bank Ltd.,BANKS,"11,135,680,520"," 97,660 ",6.45%,1.51 ,0.69 ,1.79 ,1.05 ,0.06
20,IDEA,Idea Cellular Ltd.,TELECOMMUNICATION - SERVICES,"31,000,952,090"," 9,170 ",0.61%,1.09 ,0.50 ,2.38 ,13.94 ,0.09
21,IDFC,Infrastructure Development Finance Co. Ltd.,FINANCIAL INSTITUTION,"12,960,901,040"," 14,507 ",0.96%,1.38 ,0.55 ,2.22 ,(6.99),0.07
22,INFOSYSTCH,Infosys Technologies Ltd.,COMPUTERS - SOFTWARE,"2,866,558,465"," 124,548 ",8.22%,0.68 ,0.38 ,1.08 ,9.32 ,0.05
23,ITC,I T C Ltd.,CIGARETTES,"3,787,921,580"," 64,639 ",4.27%,0.60 ,0.32 ,1.09 ,(2.45),0.06
24,JINDALSTEL,Jindal Steel & Power Ltd.,STEEL AND STEEL PRODUCTS,"930,781,836"," 27,112 ",1.79%,1.18 ,0.50 ,1.67 ,2.19 ,0.06
25,JPASSOCIAT,Jaiprakash Associates Ltd.,DIVERSIFIED,"4,206,181,902"," 16,527 ",1.09%,1.70 ,0.59 ,7.55 ,(2.66),0.07
26,LT,Larsen & Toubro Ltd.,ENGINEERING,"1,200,545,626"," 100,702 ",6.65%,1.25 ,0.69 ,1.24 ,3.90 ,0.06
27,M&M,Mahindra & Mahindra Ltd.,AUTOMOBILES - 4 WHEELERS,"2,798,212,650"," 21,959 ",1.45%,1.12 ,0.48 ,1.76 ,5.00 ,0.07
28,MARUTI,Maruti Suzuki India Ltd.,AUTOMOBILES - 4 WHEELERS,"1,444,550,300"," 20,639 ",1.36%,0.63 ,0.28 ,1.44 ,0.18 ,0.06
29,NTPC,NTPC Ltd.,POWER,"82,454,644,000"," 20,403 ",1.35%,0.59 ,0.40 ,1.79 ,12.32 ,0.05
30,ONGC,Oil & Natural Gas Corporation Ltd.,OIL EXPLORATION/PRODUCTION,"21,388,725,300"," 39,734 ",2.62%,0.86 ,0.49 ,1.07 ,(1.81),0.07
31,PNB,Punjab National Bank,BANKS,"3,153,025,000"," 12,058 ",0.80%,0.94 ,0.48 ,1.02 ,0.32 ,0.06
32,POWERGRID,Power Grid Corporation of India Ltd.,POWER,"42,088,412,300"," 6,322 ",0.42%,0.74 ,0.41 ,0.95 ,10.37 ,0.06
33,RANBAXY,Ranbaxy Laboratories Ltd.,PHARMACEUTICALS,"2,102,086,790"," 7,856 ",0.52%,0.85 ,0.24 ,1.85 ,13.62 ,0.05
34,RCOM,Reliance Communications Ltd.,TELECOMMUNICATION - SERVICES,"10,320,134,405"," 11,663 ",0.77%,1.53 ,0.61 ,1.65 ,0.29 ,0.07
35,RELCAPITAL,Reliance Capital Ltd.,FINANCE,"2,456,328,000"," 9,799 ",0.65%,1.71 ,0.66 ,1.37 ,3.01 ,0.06
36,RELIANCE,Reliance Industries Ltd.,REFINERIES,"32,862,425,320"," 192,316 ",12.70%,1.22 ,0.72 ,1.67 ,2.54 ,0.08
37,RELINFRA,Reliance Infrastructure Ltd.,POWER,"2,252,702,620"," 16,082 ",1.06%,1.60 ,0.66 ,1.59 ,9.48 ,0.07
38,RPOWER,Reliance Power Ltd.,POWER,"23,968,000,000"," 5,658 ",0.37%,1.03 ,0.53 ,2.11 ,8.61 ,0.08
39,SAIL,Steel Authority of India Ltd,STEEL AND STEEL PRODUCTS,"41,304,005,450"," 14,157 ",0.93%,1.38 ,0.62 ,2.27 ,22.60 ,0.06
40,SBIN,State Bank of India,BANKS,"6,348,802,220"," 58,466 ",3.86%,1.17 ,0.66 ,1.26 ,1.31 ,0.05
41,SIEMENS,Siemens Ltd.,ELECTRICAL EQUIPMENT,"674,320,400"," 8,800 ",0.58%,1.16 ,0.52 ,1.71 ,10.50 ,0.08
42,STER,Sterlite Industries (India) Ltd.,METALS,"1,680,783,722"," 34,820 ",2.30%,1.39 ,0.55 ,1.98 ,0.72 ,0.07
43,SUNPHARMA,Sun Pharmaceutical Industries Ltd.,PHARMACEUTICALS,"1,035,581,955"," 11,339 ",0.75%,0.54 ,0.18 ,1.44 ,3.93 ,0.07
44,SUZLON,Suzlon Energy Ltd.,ELECTRICAL EQUIPMENT,"3,113,463,486"," 6,600 ",0.44%,1.52 ,0.44 ,2.47 ,14.66 ,0.07
45,TATAMOTORS,Tata Motors Ltd.,AUTOMOBILES - 4 WHEELERS,"4,798,380,830"," 21,357 ",1.41%,1.18 ,0.36 ,2.19 ,19.36 ,0.05
46,TATAPOWER,Tata Power Co. Ltd.,POWER,"2,371,886,650"," 22,589 ",1.49%,0.82 ,0.46 ,0.83 ,1.98 ,0.06
47,TATASTEEL,Tata Steel Ltd.,STEEL AND STEEL PRODUCTS,"8,873,890,170"," 37,722 ",2.49%,1.46 ,0.55 ,2.16 ,6.65 ,0.05
48,TCS,Tata Consultancy Services Ltd.,COMPUTERS - SOFTWARE,"1,957,220,996"," 37,701 ",2.49%,0.86 ,0.42 ,1.01 ,8.98 ,0.06
49,UNITECH,Unitech Ltd.,CONSTRUCTION,"4,777,602,094"," 11,040 ",0.73%,1.71 ,0.49 ,1.95 ,3.78 ,0.08
50,WIPRO,Wipro Ltd.,COMPUTERS - SOFTWARE,"2,934,308,646"," 20,269 ",1.34%,0.77 ,0.38 ,1.08 ,8.10 ,0.06
,,,,," 1,514,579 ",100.00%,,,,,0.06
,,,,,,,,,,,
* Beta & R2 are calculated for the period 01-January-2009 to 31-December-2009,,,,,,,,,,,
,,,,,,,,,,,
* Beta measures the  degree to which any portfolio of stocks is affected as compared to the effect,,,,,,,,,,,
  on the market as a whole.,,,,,,,,,,,
,,,,,,,,,,,
* The coefficient of determination (R2) measures the strength of relationship between two variables,,,,,,,,,,,
   the return on  a security versus that of the market.,,,,,,,,,,,
,,,,,,,,,,,
* Volatility is the Std. deviation of the daily returns for the period 01-December-2009 to 31-December-2009,,,,,,,,
,,,,,,,,
* Last day of trading was 31-December-2009,,,,,,,,
,,,,,,,,
* Impact Cost for S&P CNX Nifty is for a portfolio of Rs. 50 Lakhs  ,,,,,,,,
,,,,,,,,
* Impact Cost for S&P CNX Nifty is the weightage average impact cost,,,,,,,,
,,,,,,,,
,,,,,,,,
,,,,,,,,
,,,,,,,,
,,,,,,,,
,,,,,,,,
,,,,,,,,
