Annexure II-  Nifty 50 Index : Aug 2021,,,,,,,,,,,
,,,,,,,,,,,
Sr. No,Security Symbol,Security Name,Industry,Equity Capital (In Rs.),Free Float Market Capitalisation (Rs. Crores),Weightage (%),Beta,R2,Volatility (%),Monthly Return,Avg. Impact Cost (%)
1,ADANIPORTS,Adani Ports and Special Economic Zone Ltd.,PORT,4083503522,55002.34,0.74,1.21,0.22,1.90,10.94,0.03
2,ASIANPAINT,Asian Paints Ltd.,PAINTS,959197790,144324.21,1.94,0.68,0.16,1.32,8.21,0.01
3,AXISBANK,Axis Bank Ltd.,PRIVATE SECTOR BANK,6130189628,202498.55,2.73,1.49,0.49,1.40,10.95,0.02
4,BAJAJ-AUTO,Bajaj Auto Ltd.,MOTOR CYCLES/SCOOTERS,2893670200,48542.26,0.65,0.69,0.19,1.17,-2.66,0.02
5,BAJFINANCE,Bajaj Finance Ltd.,NBFC,1207188690,199836.81,2.69,1.49,0.42,1.68,20.82,0.02
6,BAJAJFINSV,Bajaj Finserv Ltd.,GENERAL INSURANCE,795687220,103702.31,1.40,1.33,0.35,2.16,20.58,0.03
7,BPCL,Bharat Petroleum Corporation Ltd.,REFINERIES/MARKETING,21692527440,43994.51,0.59,0.84,0.22,1.20,5.87,0.02
8,BHARTIARTL,Bharti Airtel Ltd.,TELECOM - SERVICES,27460136340,156820.17,2.11,0.94,0.22,2.50,18.23,0.03
9,BRITANNIA,Britannia Industries Ltd.,CONSUMER FOOD,240868296,47180.68,0.64,0.28,0.05,1.36,16.77,0.02
10,CIPLA,Cipla Ltd.,PHARMACEUTICALS,1613193506,48163.02,0.65,0.44,0.07,1.32,3.02,0.02
11,COALINDIA,Coal India Ltd.,INDUSTRIAL MINERALS,61627283270,30560.35,0.41,0.96,0.25,1.42,1.78,0.03
12,DIVISLAB,Divi's Laboratories Ltd.,PHARMACEUTICALS,530937160,65924.56,0.89,0.73,0.20,1.20,5.45,0.02
13,DRREDDY,Dr. Reddy's Laboratories Ltd.,PHARMACEUTICALS,831721570,57121.91,0.77,0.38,0.04,1.13,-0.15,0.01
14,EICHERMOT,Eicher Motors Ltd.,MOTOR CYCLES/SCOOTERS,273388422,37356.27,0.50,0.94,0.28,2.05,5.89,0.02
15,GRASIM,Grasim Industries Ltd.,CEMENT,1316155702,57268.04,0.77,0.91,0.26,1.38,-3.28,0.02
16,HCLTECH,HCL Technologies Ltd.,COMPUTERS - SOFTWARE,5427330192,128334.65,1.73,0.73,0.17,1.34,15.35,0.02
17,HDFCBANK,HDFC Bank Ltd.,PRIVATE SECTOR BANK,5524067578,690125.08,9.29,1.21,0.54,0.86,10.86,0.02
18,HDFCLIFE,HDFC Life Insurance Company Ltd.,LIFE INSURANCE,20221402960,59507.04,0.80,0.60,0.19,0.85,8.09,0.01
19,HEROMOTOCO,Hero MotoCorp Ltd.,MOTOR CYCLES/SCOOTERS,399579778,35606.60,0.48,0.80,0.25,0.99,-0.78,0.02
20,HINDALCO,Hindalco Industries Ltd.,ALUMINIUM,2246900609,68394.53,0.92,1.47,0.31,2.25,5.28,0.02
21,HINDUNILVR,Hindustan Unilever Ltd.,PERSONAL CARE,2349588838,243219.57,3.27,0.37,0.09,1.27,16.75,0.02
22,HDFC,Housing Development Finance Corporation Ltd.,HOUSING FINANCE,3605784916,504539.45,6.79,1.34,0.51,1.45,14.64,0.01
23,ICICIBANK,ICICI Bank Ltd.,PRIVATE SECTOR BANK,13849279994,497916.24,6.70,1.62,0.59,1.26,5.36,0.02
24,ITC,ITC Ltd.,CIGARETTES & RELATED PRODUCTS,12308844232,184660.97,2.49,0.73,0.25,1.10,3.10,0.02
25,IOC,Indian Oil Corporation Ltd.,REFINERIES/MARKETING,94141589220,28176.11,0.38,0.91,0.27,1.64,7.46,0.03
26,INDUSINDBK,IndusInd Bank Ltd.,PRIVATE SECTOR BANK,7738421640,59900.96,0.81,1.80,0.42,1.49,1.16,0.03
27,INFY,Infosys Ltd.,COMPUTERS - SOFTWARE,21306358815,632633.31,8.52,0.67,0.23,0.85,5.96,0.02
28,JSWSTEEL,JSW Steel Ltd.,STEEL,2417220440,66483.23,0.90,1.17,0.26,2.20,-6.70,0.03
29,KOTAKBANK,Kotak Mahindra Bank Ltd.,PRIVATE SECTOR BANK,9911940075,257262.03,3.46,1.07,0.37,1.38,5.98,0.02
30,LT,Larsen & Toubro Ltd.,ENGINEERING-DESIGNING-CONSTRUCTION,2809209822,201995.11,2.72,1.11,0.42,1.36,4.42,0.02
31,M&M,Mahindra & Mahindra Ltd.,PASSENGER/UTILITY VEHICLES,6215962720,75939.30,1.02,1.26,0.36,1.36,6.76,0.02
32,MARUTI,Maruti Suzuki India Ltd.,PASSENGER/UTILITY VEHICLES,1510400300,90995.09,1.23,0.78,0.25,1.19,-1.89,0.02
33,NTPC,NTPC Ltd.,POWER,96966661340,55092.09,0.74,0.78,0.20,1.15,-1.90,0.04
34,NESTLEIND,Nestle India Ltd.,CONSUMER FOOD,964157160,69448.89,0.94,0.36,0.07,1.40,9.97,0.03
35,ONGC,Oil & Natural Gas Corporation Ltd.,OIL EXPLORATION,62901396030,43980.03,0.59,1.02,0.20,1.31,4.55,0.03
36,POWERGRID,Power Grid Corporation of India Ltd.,POWER - TRANSMISSION,69754528640,59934.14,0.81,0.77,0.18,1.80,2.45,0.03
37,RELIANCE,Reliance Industries Ltd.,REFINERIES/MARKETING,63394431200,730086.09,9.83,0.92,0.30,1.03,10.95,0.01
38,SBILIFE,SBI Life Insurance Company Ltd.,LIFE INSURANCE,10001094630,52455.94,0.71,0.52,0.14,1.12,8.51,0.03
39,SHREECEM,Shree Cement Ltd.,CEMENT,360807480,37764.00,0.51,1.07,0.33,1.81,0.08,0.03
40,SBIN,State Bank of India,PUBLIC SECTOR BANK,8924611534,163500.22,2.20,1.56,0.47,1.63,-1.33,0.02
41,SUNPHARMA,Sun Pharmaceutical Industries Ltd.,PHARMACEUTICALS,2399334970,85733.64,1.15,0.80,0.21,1.19,2.60,0.02
42,TCS,Tata Consultancy Services Ltd.,COMPUTERS - SOFTWARE,3699051373,392175.65,5.28,0.62,0.18,1.05,19.54,0.02
43,TATACONSUM,Tata Consumer Products Ltd.,TEA &  COFFEE,921551715,51811.25,0.70,0.71,0.19,1.56,14.37,0.02
44,TATAMOTORS,Tata Motors Ltd.,PASSENGER/UTILITY VEHICLES,6640615530,51511.92,0.69,1.74,0.36,1.70,-2.26,0.02
45,TATASTEEL,Tata Steel Ltd.,STEEL,12024079180,113346.49,1.53,1.33,0.26,2.72,1.11,0.02
46,TECHM,Tech Mahindra Ltd.,COMPUTERS - SOFTWARE,4844943505,89776.42,1.21,0.77,0.18,1.73,19.69,0.02
47,TITAN,Titan Company Ltd.,"GEMS, JEWELLERY AND WATCHES",887786160,80180.58,1.08,0.83,0.25,1.63,12.08,0.03
48,UPL,UPL Ltd.,PESTICIDES AND AGROCHEMICALS,1528090912,40777.11,0.55,0.84,0.12,1.32,-8.32,0.02
49,ULTRACEMCO,UltraTech Cement Ltd.,CEMENT,2886544480,90434.86,1.22,1.00,0.36,1.56,2.80,0.03
50,WIPRO,Wipro Ltd.,COMPUTERS - SOFTWARE,10958447778,94821.53,1.28,0.80,0.18,1.08,9.16,0.02
,,,,,7426816.09,,,,,,0.02
,,,,,,,,,,,
* Beta & R2 are calculated for the period 01-September-2020 to 31-August-2021,,,,,,,,,,,
,,,,,,,,,,,
* Beta measures the  degree to which any portfolio of stocks is affected as compared to the effect,,,,,,,,,,,
  on the market as a whole.,,,,,,,,,,,
,,,,,,,,,,,
* The coefficient of determination (R2) measures the strength of relationship between two variables,,,,,,,,,,,
   the return on  a security versus that of the market.,,,,,,,,,,,
,,,,,,,,,,,
* Volatility is the Std. deviation of the daily returns for the period 01-September-2020 to 31-August-2021,,,,,,,,,,,
,,,,,,,,,,,
* Last day of trading was 31-August-2021,,,,,,,,,,,
,,,,,,,,,,,
* Impact Cost for Nifty 50 is for a portfolio of Rs. 50 Lakhs  ,,,,,,,,,,,
,,,,,,,,,,,
* Impact Cost for Nifty 50 is the weightage average impact cost,,,,,,,,,,,
