Annexure II- Nifty Next 50 Index : August 2016,,,,,,,,,,,
,,,,,,,,,,,
Sr. No,Security Symbol,Security Name,Industry,Equity Capital (In Rs.),Free Float Market Capitalisation (Rs. Crores),Weightage (%),Beta,R2,Volatility (%),Monthly Return,Avg. Impact Cost (%)
1,ABB,ABB India Ltd.,ELECTRICAL EQUIPMENT,423816750,6137.13,0.99,0.75,0.12,0.99,-8.4,0.06
2,APOLLOHOSP,Apollo Hospitals Enterprises Ltd.,MISCELLANEOUS,695625795,10329.66,1.66,0.59,0.12,1.17,-0.88,0.03
3,ASHOKLEY,Ashok Leyland Ltd.,AUTOMOBILES - 4 WHEELERS,2845876634,12457.82,2,1.09,0.25,1.61,-8.08,0.04
4,BAJFINANCE,Bajaj Finance Ltd.,FINANCE,538721900,23134.49,3.71,0.76,0.12,2.84,6.16,0.03
5,BAJAJFINSV,Bajaj Finserv Ltd.,FINANCE,795804810,17946.58,2.88,0.69,0.12,2.14,8.94,0.05
6,BEL,Bharat Electronics Ltd.,ELECTRONICS - INDUSTRIAL,2400000000,7322.7,1.18,1,0.29,0.97,-1.25,0.03
7,BHARATFORG,Bharat Forge Ltd.,CASTINGS/FORGINGS,465588632,10491.09,1.68,1.12,0.25,2.9,11.74,0.03
8,BRITANNIA,Britannia Industries Ltd.,FOOD AND FOOD PROCESSING,239951630,20343.93,3.27,0.73,0.15,2.31,17.95,0.03
9,CADILAHC,Cadila Healthcare Ltd.,PHARMACEUTICALS,1023742595,9748.59,1.56,0.64,0.09,2.03,3.82,0.04
10,CAIRN,Cairn India Ltd.,OIL EXPLORATION/PRODUCTION,18748624810,11201.37,1.8,1.4,0.27,2.23,4.24,0.04
11,CASTROLIND,Castrol India Ltd.,PETROCHEMICALS,2472805960,8843.74,1.42,0.62,0.14,1.66,1.05,0.03
12,COLPAL,Colgate Palmolive (India) Ltd.,PERSONAL CARE,271985634,12638.94,2.03,0.46,0.1,2.01,1.61,0.05
13,CONCOR,Container Corporation of India Ltd.,TRAVEL AND TRANSPORT,1949741910,11691.75,1.88,0.56,0.06,1.38,-7.02,0.04
14,CUMMINSIND,Cummins India Ltd.,DIESEL ENGINES,554400000,12501.61,2.01,0.65,0.14,1.77,5.72,0.05
15,DLF,DLF Ltd.,CONSTRUCTION,3567810040,6905.94,1.11,2.04,0.44,1.97,-4,0.04
16,DABUR,Dabur India Ltd.,PERSONAL CARE,1761492970,16380.48,2.63,0.5,0.1,1.2,-4.28,0.03
17,DIVISLAB,Divi's Laboratories Ltd.,PHARMACEUTICALS,530937160,16851.95,2.7,0.57,0.12,1.81,10.35,0.04
18,EMAMILTD,Emami Ltd.,PERSONAL CARE,226967619,7027.12,1.13,0.21,0.01,1.14,0.56,0.05
19,GSKCONS,GlaxoSmithkline Consumer Healthcare Ltd.,FOOD AND FOOD PROCESSING,420555380,7384.86,1.19,0.2,0.02,1.33,-0.94,0.07
20,GLAXO,Glaxosmithkline Pharmaceuticals Ltd.,PHARMACEUTICALS,847030170,6424.62,1.03,0.46,0.17,1.46,-8.48,0.09
21,GLENMARK,Glenmark Pharmaceuticals Ltd.,PHARMACEUTICALS,282168156,12815.91,2.06,0.82,0.18,1.32,-2.31,0.04
22,GODREJCP,Godrej Consumer Products Ltd.,PERSONAL CARE,340600816,19113.8,3.07,0.96,0.21,1.52,-4.66,0.05
23,HINDPETRO,Hindustan Petroleum Corporation Ltd.,REFINERIES,3386272500,20221.57,3.25,1.02,0.2,2.36,-3.41,0.02
24,HINDZINC,Hindustan Zinc Ltd.,METALS,8450638000,5754.88,0.92,0.95,0.16,1.88,11.3,0.03
25,IBULHSGFIN,Indiabulls Housing Finance Ltd.,FINANCE - HOUSING,843791712,24884.43,3.99,1.21,0.27,1.36,7.16,0.04
26,IOC,Indian Oil Corporation Ltd.,REFINERIES,24279524820,29337.92,4.71,0.79,0.19,2.21,5.69,0.03
27,JSWSTEEL,JSW Steel Ltd.,STEEL AND STEEL PRODUCTS,2417220440,18645.57,2.99,0.72,0.14,0.91,4.65,0.03
28,LICHSGFIN,LIC Housing Finance Ltd.,FINANCE - HOUSING,1009326000,17351.83,2.79,1.37,0.44,1.82,10.2,0.02
29,MARICO,Marico Ltd.,PERSONAL CARE,1290171198,15043.4,2.41,0.45,0.08,1.56,2.55,0.04
30,MOTHERSUMI,Motherson Sumi Systems Ltd.,AUTO ANCILLARIES,1322879040,14507.62,2.33,1.64,0.3,2.6,-2.67,0.03
31,NHPC,NHPC Ltd.,POWER,1.10707E+11,6544.43,1.05,0.88,0.23,1.25,11.26,0.1
32,NMDC,NMDC Ltd.,MINING,3964716000,8563.79,1.37,1.22,0.24,1.52,8,0.05
33,OIL,Oil India Ltd.,OIL EXPLORATION/PRODUCTION,6011359550,5316.15,0.85,0.47,0.09,1.12,4.33,0.04
34,OFSS,Oracle Financial Services Software Ltd.,COMPUTERS - SOFTWARE,424612085,7632.11,1.23,0.55,0.14,1.18,-6.22,0.05
35,PIDILITIND,Pidilite Industries Ltd.,CHEMICALS - SPECIALITY,512675330,10743.88,1.72,0.55,0.15,1.16,-4.41,0.03
36,PFC,Power Finance Corporation Ltd.,FINANCIAL INSTITUTION,26400814080,10450.5,1.68,1.35,0.25,2.3,13.46,0.04
37,PGHH,Procter & Gamble Hygiene & Health Care Ltd.,PERSONAL CARE,324607360,6279.87,1.01,0.31,0.05,1.76,1.22,0.13
38,PNB,Punjab National Bank,BANKS,3927194980,9517.36,1.53,1.49,0.31,1.89,3.4,0.04
39,RCOM,Reliance Communications Ltd.,TELECOMMUNICATION - SERVICES,12444898725,5505.5,0.88,1.52,0.27,2.05,2.57,0.06
40,RECLTD,Rural Electrification Corporation Ltd.,FINANCIAL INSTITUTION,9874590000,9179.07,1.47,1.29,0.28,1.89,12.32,0.04
41,SHREECEM,Shree Cement Ltd.,CEMENT AND CEMENT PRODUCTS,348372250,14958.06,2.4,0.84,0.15,1.68,6.61,0.06
42,SRTRANSFIN,Shriram Transport Finance Co. Ltd.,FINANCE,2268827360,17962.58,2.88,1.05,0.17,1.43,-3.37,0.04
43,SIEMENS,Siemens Ltd.,ELECTRICAL EQUIPMENT,712240510,11271.65,1.81,1.15,0.43,1.68,-3.98,0.03
44,SAIL,Steel Authority of India Ltd.,STEEL AND STEEL PRODUCTS,41305252890,4977.28,0.8,1.5,0.32,1.8,2.66,0.06
45,TITAN,Titan Company Ltd.,"GEMS, JEWELLERY AND WATCHES",887786160,17462.31,2.8,0.63,0.12,1.56,-0.69,0.04
46,TORNTPHARM,Torrent Pharmaceuticals Ltd.,PHARMACEUTICALS,846113600,8008.73,1.29,0.94,0.2,2.42,13.29,0.05
47,UPL,UPL Ltd.,PESTICIDES AND AGROCHEMICALS,857208548,19169.97,3.08,0.92,0.16,1.54,2.26,0.03
48,UBL,United Breweries Ltd.,BREW/DISTILLERIES,264405149,5590.71,0.9,0.48,0.07,1.56,0.14,0.05
49,MCDOWELL-N,United Spirits Ltd.,BREW/DISTILLERIES,1307949680,11798.88,1.89,0.54,0.06,2.12,-5.76,0.04
50,VEDL,Vedanta Ltd.,MINING,2964694239,18647.93,2.99,2.53,0.42,2.49,3.25,0.03
,,,,,623022.06,,,,,,0.04
,,,,,,,,,,,
* Beta & R2 are calculated for the period 01-September-2015 to 31-August-2016,,,,,,,,,,,
,,,,,,,,,,,
* Beta measures the  degree to which any portfolio of stocks is affected as compared to the effect,,,,,,,,,,,
  on the market as a whole.,,,,,,,,,,,
,,,,,,,,,,,
* The coefficient of determination (R2) measures the strength of relationship between two variables,,,,,,,,,,,
   the return on  a security versus that of the market.,,,,,,,,,,,
,,,,,,,,,,,
* Volatility is the Std. deviation of the daily returns for the period 01-August-2016 to 31-August-2016,,,,,,,,,,,
,,,,,,,,,,,
* Last day of trading was 31-August-2016,,,,,,,,,,,
,,,,,,,,,,,
* Impact Cost for Nifty Next 50 is for a portfolio of Rs. 25 Lakhs  ,,,,,,,,,,,
,,,,,,,,,,,
* Impact Cost for Nifty Next 50 is the weightage average impact cost,,,,,,,,,,,
