Annexure II-  Nifty 50 Index : August 2017,,,,,,,,,,,
,,,,,,,,,,,
Sr. No,Security Symbol,Security Name,Industry,Equity Capital (In Rs.),Free Float Market Capitalisation (Rs. Crores),Weightage (%),Beta,R2,Volatility (%),Monthly Return,Avg. Impact Cost (%)
1,ACC,ACC Ltd.,CEMENT AND CEMENT PRODUCTS,1877871730,15212.87,0.41,1.18,0.30,1.18,3.87,0.03
2,ADANIPORTS,Adani Ports and Special Economic Zone Ltd.,SHIPPING,4141903522,31737.44,0.85,1.86,0.38,1.95,-0.75,0.03
3,AMBUJACEM,Ambuja Cements Ltd.,CEMENT AND CEMENT PRODUCTS,3971290458,20597.00,0.55,1.36,0.37,1.37,6.54,0.03
4,ASIANPAINT,Asian Paints Ltd.,PAINTS,959197790,52680.92,1.40,1.00,0.23,0.80,0.59,0.02
5,AUROPHARMA,Aurobindo Pharma Ltd.,PHARMACEUTICALS,585882409,20395.74,0.54,1.31,0.18,2.08,0.93,0.02
6,AXISBANK,Axis Bank Ltd.,BANKS,4793137128,85137.74,2.27,1.30,0.27,1.06,-3.74,0.02
7,BAJAJ-AUTO,Bajaj Auto Ltd.,AUTOMOBILES - 2 AND 3 WHEELERS,2893670200,38277.90,1.02,0.87,0.26,1.18,0.21,0.03
8,BANKBARODA,Bank of Baroda,BANKS,4608319196,13022.76,0.35,1.61,0.24,1.98,-16.98,0.03
9,BPCL,Bharat Petroleum Corporation Ltd.,REFINERIES,21692527440,41311.25,1.10,0.95,0.16,2.21,12.28,0.02
10,BHARTIARTL,Bharti Airtel Ltd.,TELECOMMUNICATION - SERVICES,19987000510,56419.70,1.50,0.79,0.11,1.02,2.09,0.03
11,INFRATEL,Bharti Infratel Ltd.,TELECOMMUNICATION - EQUIPMENT,18496082460,26370.97,0.70,0.63,0.04,1.66,-6.53,0.02
12,BOSCHLTD,Bosch Ltd.,AUTO ANCILLARIES,305207400,20131.60,0.54,1.16,0.29,1.56,-9.06,0.03
13,CIPLA,Cipla Ltd.,PHARMACEUTICALS,1609099350,28987.68,0.77,0.69,0.11,2.08,2.11,0.03
14,COALINDIA,Coal India Ltd.,MINING,62074091770,30946.42,0.83,0.78,0.15,1.81,-4.70,0.03
15,DRREDDY,Dr. Reddy's Laboratories Ltd.,PHARMACEUTICALS,828708565,24451.16,0.65,0.44,0.04,2.39,-15.20,0.03
16,EICHERMOT,Eicher Motors Ltd.,AUTOMOBILES - 4 WHEELERS,272102490,41933.49,1.12,1.31,0.24,2.01,4.55,0.02
17,GAIL,GAIL (India) Ltd.,GAS,16913032000,24313.16,0.65,0.80,0.12,1.48,0.41,0.02
18,HCLTECH,HCL Technologies Ltd.,COMPUTERS - SOFTWARE,2853975808,49390.91,1.32,0.50,0.08,0.94,-3.09,0.02
19,HDFCBANK,HDFC Bank Ltd.,BANKS,5129818234,359958.19,9.60,0.75,0.35,0.74,-0.45,0.03
20,HEROMOTOCO,Hero MotoCorp Ltd.,AUTOMOBILES - 2 AND 3 WHEELERS,399393676,51857.57,1.38,1.02,0.26,1.37,9.28,0.02
21,HINDALCO,Hindalco Industries Ltd.,ALUMINIUM,2243352013,34704.66,0.93,1.83,0.30,2.57,8.35,0.02
22,HINDUNILVR,Hindustan Unilever Ltd.,DIVERSIFIED,2164349639,87118.86,2.32,0.63,0.15,1.21,5.54,0.02
23,HDFC,Housing Development Finance Corporation Ltd.,FINANCE - HOUSING,3177763090,282328.36,7.53,1.14,0.32,1.07,-0.69,0.01
24,ITC,I T C Ltd.,CIGARETTES,12147383072,240001.92,6.40,1.14,0.21,0.95,-1.05,0.02
25,ICICIBANK,ICICI Bank Ltd.,BANKS,12818101330,191021.76,5.09,1.47,0.33,1.00,-1.50,0.03
26,IBULHSGFIN,Indiabulls Housing Finance Ltd.,FINANCE - HOUSING,848625648,39197.17,1.05,1.33,0.22,1.87,3.42,0.03
27,IOC,Indian Oil Corporation Ltd.,REFINERIES,48559049640,46367.58,1.24,1.12,0.17,2.62,23.68,0.02
28,INDUSINDBK,IndusInd Bank Ltd.,BANKS,5982921560,83262.52,2.22,1.19,0.38,0.86,0.67,0.02
29,INFY,Infosys Ltd.,COMPUTERS - SOFTWARE,11484723320,182838.29,4.88,0.63,0.09,2.84,-9.52,0.02
30,KOTAKBANK,Kotak Mahindra Bank Ltd.,BANKS,9205141265,118591.68,3.16,0.78,0.22,0.85,-4.47,0.02
31,LT,Larsen & Toubro Ltd.,ENGINEERING,2799271384,139955.73,3.73,1.09,0.38,0.82,-4.83,0.03
32,LUPIN,Lupin Ltd.,PHARMACEUTICALS,903342124,23446.63,0.63,0.72,0.09,1.76,-5.09,0.03
33,M&M,Mahindra & Mahindra Ltd.,AUTOMOBILES - 4 WHEELERS,3105461920,62643.38,1.67,1.03,0.28,0.94,-4.17,0.02
34,MARUTI,Maruti Suzuki India Ltd.,AUTOMOBILES - 4 WHEELERS,1510400300,102348.71,2.73,1.25,0.39,1.11,-0.64,0.02
35,NTPC,NTPC Ltd.,POWER,82454644000,41742.66,1.11,0.73,0.13,2.01,2.77,0.03
36,ONGC,Oil & Natural Gas Corporation Ltd.,OIL EXPLORATION/PRODUCTION,64166175900,44311.88,1.18,0.55,0.08,1.12,-7.35,0.03
37,POWERGRID,Power Grid Corporation of India Ltd.,POWER,52315896480,48175.09,1.28,0.73,0.15,1.08,-1.81,0.02
38,RELIANCE,Reliance Industries Ltd.,REFINERIES,32514345720,264405.03,7.05,0.74,0.12,1.29,-1.28,0.02
39,SBIN,State Bank of India,BANKS,8632050393,103094.74,2.75,1.33,0.33,1.68,-11.12,0.02
40,SUNPHARMA,Sun Pharmaceutical Industries Ltd.,PHARMACEUTICALS,2399291181,53103.27,1.42,0.85,0.09,2.40,-9.50,0.02
41,TCS,Tata Consultancy Services Ltd.,COMPUTERS - SOFTWARE,1970427941,132809.70,3.54,0.42,0.04,0.73,0.18,0.02
42,TATAMTRDVR,Tata Motors Ltd DVR,AUTOMOBILES - 4 WHEELERS,1017004582,11123.49,0.30,1.74,0.36,2.19,-16.03,0.03
43,TATAMOTORS,Tata Motors Ltd.,AUTOMOBILES - 4 WHEELERS,5774696856,70670.02,1.88,1.77,0.36,2.29,-15.31,0.02
44,TATAPOWER,Tata Power Co. Ltd.,POWER,2704773510,14361.67,0.38,1.04,0.26,1.67,-3.35,0.04
45,TATASTEEL,Tata Steel Ltd.,STEEL AND STEEL PRODUCTS,9712154390,42758.20,1.14,1.73,0.36,1.81,12.51,0.02
46,TECHM,Tech Mahindra Ltd.,COMPUTERS - SOFTWARE,4871539365,26697.59,0.71,0.73,0.08,1.70,10.96,0.02
47,ULTRACEMCO,UltraTech Cement Ltd.,CEMENT AND CEMENT PRODUCTS,2745117460,41729.96,1.11,1.18,0.30,1.03,-1.39,0.02
48,VEDL,Vedanta Ltd.,MINING,3717194239,57412.07,1.53,1.76,0.27,2.28,10.38,0.02
49,WIPRO,Wipro Ltd.,COMPUTERS - SOFTWARE,9729725632,37832.09,1.01,0.42,0.06,0.90,3.69,0.02
50,YESBANK,Yes Bank Ltd.,BANKS,4569894450,64090.03,1.71,1.58,0.33,1.27,-3.12,0.02
51,ZEEL,Zee Entertainment Enterprises Ltd.,MEDIA & ENTERTAINMENT,960448720,28440.33,0.76,1.29,0.26,1.43,-4.11,0.02
,,,,,3749719.54,,,,,,0.02
,,,,,,,,,,,
* Beta & R2 are calculated for the period 01-Sep-2016 to 31-Aug 2017,,,,,,,,,,,
,,,,,,,,,,,
* Beta measures the  degree to which any portfolio of stocks is affected as compared to the effect,,,,,,,,,,,
  on the market as a whole.,,,,,,,,,,,
,,,,,,,,,,,
* The coefficient of determination (R2) measures the strength of relationship between two variables,,,,,,,,,,,
   the return on  a security versus that of the market.,,,,,,,,,,,
,,,,,,,,,,,
* Volatility is the Std. deviation of the daily returns for the period 01-Sep-2016 to 31-Aug 2017,,,,,,,,,,,
,,,,,,,,,,,
* Last day of trading was 31-Aug 2017,,,,,,,,,,,
,,,,,,,,,,,
* Impact Cost for Nifty 50 is for a portfolio of Rs. 50 Lakhs  ,,,,,,,,,,,
,,,,,,,,,,,
* Impact Cost for Nifty 50 is the weightage average impact cost,,,,,,,,,,,
