Annexure II- Nifty Next 50 Index : Jan 2021,,,,,,,,,,,
,,,,,,,,,,,
Sr. No,Security Symbol,Security Name,Industry,Equity Capital (In Rs.),Free Float Market Capitalisation (Rs. Crores),Weightage (%),Beta,R2,Volatility (%),Monthly Return,Avg. Impact Cost (%)
1,ACC,ACC Ltd.,CEMENT AND CEMENT PRODUCTS,1877872630,13553.22,1.53,0.72,0.36,1.61,-0.85,0.02
2,ABBOTINDIA,Abbott India Ltd.,PHARMACEUTICALS,212493020,7555.22,0.85,0.45,0.16,0.91,-9.81,0.05
3,ADANIGREEN,Adani Green Energy Ltd.,POWER,15640142800,39291.95,4.42,0.55,0.10,2.83,-4.53,0.18
4,ADANITRANS,Adani Transmission Ltd.,POWER,10998100830,12651.94,1.42,0.69,0.16,2.91,5.18,0.07
5,ALKEM,Alkem Laboratories Ltd.,PHARMACEUTICALS,239130000,12583.41,1.42,0.25,0.05,1.15,2.76,0.06
6,AMBUJACEM,Ambuja Cements Ltd.,CEMENT AND CEMENT PRODUCTS,3971290458,17878.65,2.01,0.73,0.35,1.76,-2.21,0.03
7,AUROPHARMA,Aurobindo Pharma Ltd.,PHARMACEUTICALS,585938609,25460.20,2.87,0.98,0.24,2.80,-1.74,0.02
8,DMART,Avenue Supermarts Ltd.,MISCELLANEOUS,6477746910,39504.22,4.45,0.59,0.22,2.42,-4.06,0.05
9,BAJAJHLDNG,Bajaj Holdings & Investment Ltd.,FINANCE,1112935100,16259.65,1.83,0.84,0.27,0.86,5.53,0.05
10,BANDHANBNK,Bandhan Bank Ltd.,BANKS,16103718760,20929.84,2.36,1.55,0.34,2.73,-23.07,0.03
11,BANKBARODA,Bank of Baroda,BANKS,9241133172,8175.17,0.92,1.00,0.32,4.19,10.74,0.11
12,BERGEPAINT,Berger Paints India Ltd.,PAINTS,971219780,17162.67,1.93,0.67,0.34,1.81,-6.93,0.03
13,BIOCON,Biocon Ltd.,PHARMACEUTICALS,6000000000,16507.92,1.86,0.62,0.23,2.62,-20.11,0.04
14,BOSCHLTD,Bosch Ltd.,AUTO ANCILLARIES,294936400,13109.85,1.48,0.98,0.42,2.25,19.88,0.04
15,CADILAHC,Cadila Healthcare Ltd.,PHARMACEUTICALS,1023742595,11555.49,1.30,0.46,0.12,1.85,-5.30,0.04
16,COLPAL,Colgate Palmolive (India) Ltd.,PERSONAL CARE,271985634,21367.65,2.41,0.45,0.22,1.20,2.43,0.04
17,CONCOR,Container Corporation of India Ltd.,TRAVEL AND TRANSPORT,3046471740,11885.81,1.34,1.00,0.40,1.99,8.56,0.04
18,DLF,DLF Ltd.,CONSTRUCTION,4950630072,15807.98,1.78,1.27,0.50,2.98,9.71,0.04
19,DABUR,Dabur India Ltd.,PERSONAL CARE,1767420476,29101.64,3.28,0.61,0.38,1.12,-3.64,0.03
20,GICRE,General Insurance Corporation of India,FINANCE,8772000000,3239.68,0.36,0.64,0.17,1.38,-5.18,0.06
21,GODREJCP,Godrej Consumer Products Ltd.,PERSONAL CARE,1022486273,28171.59,3.17,0.65,0.30,1.69,0.61,0.04
22,HDFCAMC,HDFC Asset Management Company Ltd.,FINANCE,1064658405,15312.72,1.72,0.80,0.40,1.94,-1.42,0.03
23,HAVELLS,Havells India Ltd.,ELECTRICAL EQUIPMENT,626013006,26161.08,2.95,0.65,0.26,4.03,14.04,0.03
24,HINDPETRO,Hindustan Petroleum Corporation Ltd.,REFINERIES,15141745490,16218.93,1.83,0.85,0.31,1.40,0.32,0.04
25,HINDZINC,Hindustan Zinc Ltd.,METALS,8450638000,6965.44,0.78,0.59,0.15,4.63,14.93,0.04
26,ICICIGI,ICICI Lombard General Insurance Company Ltd.,FINANCE,4545207640,28700.26,3.23,0.91,0.41,1.84,-13.50,0.04
27,ICICIPRULI,ICICI Prudential Life Insurance Company Ltd.,FINANCE,14359026910,18648.07,2.10,1.26,0.50,1.35,-3.58,0.05
28,IGL,Indraprastha Gas Ltd.,GAS,1400001600,18053.02,2.03,0.77,0.33,2.32,2.68,0.04
29,INDUSTOWER,Indus Towers Ltd.,TELECOMMUNICATION - EQUIPMENT,26949369500,21835.73,2.46,0.77,0.14,2.36,0.70,0.06
30,NAUKRI,Info Edge (India) Ltd.,COMPUTERS - SOFTWARE,1285841200,33107.32,3.73,0.86,0.26,4.32,-8.28,0.05
31,INDIGO,InterGlobe Aviation Ltd.,TRAVEL AND TRANSPORT,3848635000,14891.81,1.68,0.70,0.19,1.92,-10.19,0.04
32,LTI,Larsen & Toubro Infotech Ltd.,COMPUTERS - SOFTWARE,174643588,17999.01,2.03,0.74,0.25,3.28,8.32,0.06
33,LUPIN,Lupin Ltd.,PHARMACEUTICALS,906819370,24213.35,2.73,0.33,0.07,2.28,3.15,0.03
34,MARICO,Marico Ltd.,PERSONAL CARE,1291274628,21466.15,2.42,0.48,0.25,1.16,3.22,0.03
35,MOTHERSUMI,Motherson Sumi Systems Ltd.,AUTO ANCILLARIES,3157934237,17394.22,1.96,1.35,0.41,1.49,-12.26,0.04
36,MUTHOOTFIN,Muthoot Finance Ltd.,FINANCE,4011722160,11978.18,1.35,1.20,0.44,2.03,-8.65,0.04
37,NMDC,NMDC Ltd.,MINING,3061849659,9663.20,1.09,0.95,0.34,2.72,-8.08,0.05
38,OFSS,Oracle Financial Services Software Ltd.,COMPUTERS - SOFTWARE,430007305,7473.60,0.84,0.58,0.21,1.73,0.19,0.05
39,PETRONET,Petronet LNG Ltd.,GAS,15000000880,17775.00,2.00,0.65,0.28,2.10,-4.28,0.04
40,PIDILITIND,Pidilite Industries Ltd.,CHEMICALS - SPECIALITY,508144280,25461.84,2.87,0.64,0.33,1.57,-5.40,0.03
41,PEL,Piramal Enterprises Ltd.,FINANCE,451076712,15676.46,1.76,1.07,0.29,2.79,-8.20,0.03
42,PFC,Power Finance Corporation Ltd.,FINANCIAL INSTITUTION,26400814080,12754.76,1.44,1.02,0.44,1.79,-3.94,0.05
43,PGHH,Procter & Gamble Hygiene & Health Care Ltd.,PERSONAL CARE,324607360,10643.17,1.20,0.26,0.09,0.51,2.11,0.06
44,PNB,Punjab National Bank,BANKS,20955364450,8036.91,0.90,0.72,0.21,2.44,0.91,0.07
45,SBICARD,SBI Cards and Payment Services Ltd.,FINANCE,9405254560,13911.08,1.57,0.87,0.31,2.55,15.86,0.05
46,SIEMENS,Siemens Ltd.,ELECTRICAL EQUIPMENT,712240510,14124.17,1.59,0.77,0.44,1.41,0.69,0.03
47,TATACONSUM,Tata Consumer Products Ltd.,TEA AND COFFEE,921551715,33532.50,3.78,0.94,0.46,1.52,-5.10,0.03
48,TORNTPHARM,Torrent Pharmaceuticals Ltd.,PHARMACEUTICALS,846113600,12799.39,1.44,0.39,0.10,1.67,-6.94,0.03
49,UBL,United Breweries Ltd.,BREW/DISTILLERIES,264405149,14433.19,1.62,0.61,0.28,1.58,9.55,0.05
50,MCDOWELL-N,United Spirits Ltd.,BREW/DISTILLERIES,1453277430,17240.74,1.94,0.77,0.37,2.38,0.08,0.04
,,,,,888225.04,,,,,,0.05
,,,,,,,,,,,
* Beta & R2 are calculated for the period 01-Feb-2020 to 29-Jan-2021,,,,,,,,,,,
,,,,,,,,,,,
* Beta measures the  degree to which any portfolio of stocks is affected as compared to the effect,,,,,,,,,,,
  on the market as a whole.,,,,,,,,,,,
,,,,,,,,,,,
* The coefficient of determination (R2) measures the strength of relationship between two variables,,,,,,,,,,,
   the return on  a security versus that of the market.,,,,,,,,,,,
,,,,,,,,,,,
* Volatility is the Std. deviation of the daily returns for the period 01-Feb-2020 to 29-Jan-2021,,,,,,,,,,,
,,,,,,,,,,,
* Last day of trading was 29-Jan-2021,,,,,,,,,,,
,,,,,,,,,,,
* Impact Cost for Nifty Next 50 is for a portfolio of Rs. 25 Lakhs  ,,,,,,,,,,,
,,,,,,,,,,,
* Impact Cost for Nifty Next 50 is the weightage average impact cost,,,,,,,,,,,
