Annexure II-  Nifty 50 Index : Jul 2022,,,,,,,,,,,
,,,,,,,,,,,
Sr. No,Security Symbol,Security Name,Industry,Equity Capital (In Rs.),Free Float Market Capitalisation (Rs. Crores),Weightage (%),Beta,R2,Volatility (%),Monthly Return,Avg. Impact Cost (%)
1,ADANIPORTS,Adani Ports and Special Economic Zone Ltd.,PORT,4224746460,54849.46,0.73,1.41,0.53,0.90,13.64,0.02
2,APOLLOHOSP,Apollo Hospitals Enterprise Ltd.,HOSPITAL,718923285,43002.15,0.57,0.91,0.16,1.03,14.36,0.02
3,ASIANPAINT,Asian Paints Ltd.,PAINTS,959197790,150293.10,2.00,0.82,0.26,1.28,23.69,0.02
4,AXISBANK,Axis Bank Ltd.,PRIVATE SECTOR BANK,6142734532,191433.71,2.54,1.04,0.41,1.46,13.81,0.02
5,BAJAJ-AUTO,Bajaj Auto Ltd.,MOTOR CYCLES/SCOOTERS,2893670200,50972.07,0.68,0.68,0.23,1.20,5.61,0.02
6,BAJFINANCE,Bajaj Finance Ltd.,NBFC,1210858466,192042.39,2.55,1.41,0.52,2.54,33.49,0.02
7,BAJAJFINSV,Bajaj Finserv Ltd.,GENERAL INSURANCE,795687220,90996.19,1.21,1.36,0.46,2.63,37.65,0.03
8,BPCL,Bharat Petroleum Corporation Ltd.,REFINERIES/MARKETING,21692527440,31526.18,0.42,0.90,0.28,1.63,7.10,0.02
9,BHARTIARTL,Bharti Airtel Ltd.,TELECOM - SERVICES,27460136340,163826.07,2.18,0.82,0.27,1.67,-1.02,0.02
10,BRITANNIA,Britannia Industries Ltd.,CONSUMER FOOD,240868296,46034.65,0.61,0.56,0.19,1.70,12.52,0.02
11,CIPLA,Cipla Ltd.,PHARMACEUTICALS,1613814406,52840.96,0.70,0.27,0.04,1.38,6.56,0.02
12,COALINDIA,Coal India Ltd.,INDUSTRIAL MINERALS,61627283270,44263.80,0.59,0.93,0.18,1.28,13.82,0.03
13,DIVISLAB,Divi's Laboratories Ltd.,PHARMACEUTICALS,530937160,48824.77,0.65,0.81,0.23,1.21,5.54,0.02
14,DRREDDY,Dr. Reddy's Laboratories Ltd.,PHARMACEUTICALS,832129245,49694.02,0.66,0.58,0.18,1.48,-6.91,0.02
15,EICHERMOT,Eicher Motors Ltd.,MOTOR CYCLES/SCOOTERS,273428852,43137.76,0.57,0.96,0.31,1.73,10.70,0.02
16,GRASIM,Grasim Industries Ltd.,CEMENT,1316590852,59023.43,0.78,1.20,0.47,1.25,19.10,0.03
17,HCLTECH,HCL Technologies Ltd.,COMPUTERS - SOFTWARE,5427330192,100371.96,1.33,0.92,0.34,1.63,-2.55,0.02
18,HDFCBANK,HDFC Bank Ltd.,PRIVATE SECTOR BANK,5552849616,629147.86,8.36,1.01,0.50,1.05,6.39,0.02
19,HDFCLIFE,HDFC Life Insurance Company Ltd.,LIFE INSURANCE,21130735730,51647.74,0.69,0.98,0.37,1.61,1.00,0.02
20,HEROMOTOCO,Hero MotoCorp Ltd.,MOTOR CYCLES/SCOOTERS,399637306,36601.43,0.49,0.87,0.30,1.15,3.62,0.02
21,HINDALCO,Hindalco Industries Ltd.,ALUMINIUM,2247172724,60624.79,0.81,1.29,0.29,2.16,22.56,0.02
22,HINDUNILVR,Hindustan Unilever Ltd.,DIVERSIFIED,2349591262,235478.86,3.13,0.70,0.25,1.69,18.24,0.02
23,HDFC,Housing Development Finance Corporation Ltd.,HOUSING FINANCE,3623254784,430768.76,5.72,1.19,0.52,1.16,9.53,0.01
24,ICICIBANK,ICICI Bank Ltd.,PRIVATE SECTOR BANK,13910532546,569358.10,7.57,1.03,0.47,1.12,15.75,0.02
25,ITC,ITC Ltd.,CIGARETTES & RELATED PRODUCTS,12323255932,265153.95,3.52,0.75,0.26,1.16,10.80,0.02
26,INDUSINDBK,IndusInd Bank Ltd.,PRIVATE SECTOR BANK,7750004430,67931.89,0.90,1.38,0.38,2.38,31.37,0.02
27,INFY,Infosys Ltd.,COMPUTERS - SOFTWARE,21037221425,567264.05,7.54,1.01,0.44,1.85,6.01,0.02
28,JSWSTEEL,JSW Steel Ltd.,STEEL,2417220440,60875.28,0.81,1.22,0.30,1.83,11.53,0.03
29,KOTAKBANK,Kotak Mahindra Bank Ltd.,PRIVATE SECTOR BANK,9925735290,265942.01,3.53,1.05,0.42,1.62,8.99,0.01
30,LT,Larsen & Toubro Ltd.,ENGINEERING-DESIGNING-CONSTRUCTION,2810290442,218489.26,2.90,1.09,0.54,1.61,16.03,0.02
31,M&M,Mahindra & Mahindra Ltd.,PASSENGER/UTILITY VEHICLES,6215962720,111467.94,1.48,0.96,0.32,1.64,6.52,0.01
32,MARUTI,Maruti Suzuki India Ltd.,PASSENGER/UTILITY VEHICLES,1510400300,116613.84,1.55,0.89,0.26,1.31,3.57,0.02
33,NTPC,NTPC Ltd.,POWER,96966661340,72672.15,0.97,0.68,0.17,0.98,7.03,0.03
34,NESTLEIND,Nestle India Ltd.,CONSUMER FOOD,964157160,69061.30,0.92,0.49,0.18,1.33,10.81,0.02
35,ONGC,Oil & Natural Gas Corporation Ltd.,OIL EXPLORATION,62901396030,52316.98,0.70,0.52,0.05,3.67,-11.48,0.03
36,POWERGRID,Power Grid Corporation of India Ltd.,POWER - TRANSMISSION,69754528640,73127.51,0.97,0.45,0.08,1.46,0.97,0.03
37,RELIANCE,Reliance Industries Ltd.,REFINERIES/MARKETING,67651122600,865812.26,11.51,1.11,0.45,2.03,-3.32,0.02
38,SBILIFE,SBI Life Insurance Company Ltd.,LIFE INSURANCE,10004374250,58273.48,0.77,0.87,0.32,2.15,19.67,0.03
39,SHREECEM,Shree Cement Ltd.,CEMENT,360807480,27364.58,0.36,0.92,0.33,1.16,7.83,0.04
40,SBIN,State Bank of India,PUBLIC SECTOR BANK,8924611734,202758.70,2.69,1.13,0.49,1.09,13.40,0.02
41,SUNPHARMA,Sun Pharmaceutical Industries Ltd.,PHARMACEUTICALS,2399334970,101837.37,1.35,0.69,0.25,1.44,13.56,0.02
42,TCS,Tata Consultancy Services Ltd.,COMPUTERS - SOFTWARE,3699051373,341989.14,4.55,0.86,0.39,1.78,1.07,0.02
43,TATACONSUM,Tata Consumer Products Ltd.,TEA &  COFFEE,921551715,48618.53,0.65,0.96,0.37,1.37,14.91,0.02
44,TATAMOTORS,Tata Motors Ltd.,PASSENGER/UTILITY VEHICLES,6641824616,80626.44,1.07,1.64,0.39,1.46,9.18,0.02
45,TATASTEEL,Tata Steel Ltd.,STEEL,12221189640,86790.00,1.15,1.35,0.31,2.37,24.10,0.03
46,TECHM,Tech Mahindra Ltd.,COMPUTERS - SOFTWARE,4862101915,66282.36,0.88,1.17,0.40,1.59,4.87,0.02
47,TITAN,Titan Company Ltd.,"GEMS, JEWELLERY AND WATCHES",887786160,98141.52,1.30,1.17,0.40,1.58,21.16,0.02
48,UPL,UPL Ltd.,PESTICIDES AND AGROCHEMICALS,1501215282,40051.82,0.53,0.86,0.25,1.34,17.19,0.02
49,ULTRACEMCO,UltraTech Cement Ltd.,CEMENT,2886708470,75571.72,1.00,0.94,0.36,1.51,16.72,0.02
50,WIPRO,Wipro Ltd.,COMPUTERS - SOFTWARE,10964675960,62717.40,0.83,1.05,0.42,1.41,1.84,0.02
,,,,,7524511.70,,,,,,0.02
,,,,,,,,,,,
* Beta & R2 are calculated for the period 01-Aug-2021 to 29-July-2022,,,,,,,,,,,
,,,,,,,,,,,
* Beta measures the  degree to which any portfolio of stocks is affected as compared to the effect,,,,,,,,,,,
  on the market as a whole.,,,,,,,,,,,
,,,,,,,,,,,
* The coefficient of determination (R2) measures the strength of relationship between two variables,,,,,,,,,,,
   the return on  a security versus that of the market.,,,,,,,,,,,
,,,,,,,,,,,
* Volatility is the Std. deviation of the daily returns for the period  01-Aug-2021 to 29-July-2022,,,,,,,,,,,
,,,,,,,,,,,
* Last day of trading was 29-July-2022,,,,,,,,,,,
,,,,,,,,,,,
* Impact Cost for Nifty 50 is for a portfolio of Rs. 50 Lakhs  ,,,,,,,,,,,
,,,,,,,,,,,
* Impact Cost for Nifty 50 is the weightage average impact cost,,,,,,,,,,,
