Annexure II- S&P CNX Nifty Index : May 2010,,,,,,,,,,,
,,,,,,,,,,,
Sr. No,Security Symbol,Security Name,Industry,Equity Capital,Free Float Market Capitalisation for May 2010,Weightage,Beta,R2,Volatility,Monthly Return,Avg. Impact Cost May 2010
,,,,(In Rs.),(Rs. Crores),%,,,%,,%
1,ABB,ABB Ltd.,ELECTRICAL EQUIPMENT,423816750,8717.82,0.19,0.86,0.24,5.42,0.52,0.07
2,ACC,ACC Ltd.,CEMENT AND CEMENT PRODUCTS,187744866,8268.41,0.09,0.92,0.35,1.58,-0.46,0.07
3,AMBUJACEM,Ambuja Cements Ltd.,CEMENT AND CEMENT PRODUCTS,3048338372,8887.39,0.19,0.79,0.26,2.53,-0.47,0.1
4,AXISBANK,Axis Bank Ltd.,BANKS,4051741190,30688.98,3.31,1.15,0.45,2.28,-0.12,0.07
5,BHEL,Bharat Heavy Electricals Ltd.,ELECTRICAL EQUIPMENT,4895200000,37186.01,4.01,0.79,0.42,1.19,-0.27,0.07
6,BPCL,Bharat Petroleum Corporation Ltd.,REFINERIES,3615421240,7509.23,0.81,0.25,0.03,1.56,0.57,0.08
7,BHARTIARTL,Bharti Airtel Ltd.,TELECOMMUNICATION - SERVICES,18987650480,32119.48,1.73,0.6,0.12,2.4,-0.57,0.08
8,CAIRN,Cairn India Ltd.,OIL EXPLORATION/PRODUCTION,18971635170,12916.69,1.39,1.06,0.43,2.43,-0.21,0.07
9,CIPLA,Cipla Ltd.,PHARMACEUTICALS,1605842714,16187.18,0.35,0.43,0.1,1.86,-0.33,0.08
10,DLF,DLF Ltd.,CONSTRUCTION,3394788440,10032.83,0.22,1.74,0.57,2.87,-0.51,0.08
11,GAIL,GAIL (India) Ltd.,GAS,12684774000,20377.19,2.2,0.61,0.18,1.36,0.27,0.08
12,HCLTECH,HCL Technologies Ltd.,COMPUTERS - SOFTWARE,1353821440,8268.6,0.18,1.2,0.33,2.61,-0.11,0.1
13,HDFCBANK,HDFC Bank Ltd.,BANKS,4577432720,65925.83,7.1,0.68,0.38,1.74,-0.26,0.09
14,HEROHONDA,Hero Honda Motors Ltd.,AUTOMOBILES - 2 AND 3 WHEELERS,399375000,17425.09,0.38,0.64,0.2,0.97,0.06,0.07
15,HINDALCO,Hindalco Industries Ltd.,ALUMINIUM,1913462442,19527.48,0.21,1.74,0.54,3.41,-0.76,0.09
16,HINDUNILVR,Hindustan Unilever Ltd.,DIVERSIFIED,2181686781,24821.49,0.27,0.43,0.11,1.45,-0.04,0.08
17,HDFC,Housing Development Finance Corporation Ltd.,FINANCE - HOUSING,287327776,70840.35,0.76,0.96,0.44,1.49,-0.03,0.07
18,ITC,I T C Ltd.,CIGARETTES,3818176790,73961.66,0.8,0.67,0.24,1.8,0.32,0.08
19,ICICIBANK,ICICI Bank Ltd.,BANKS,11145618140,96777.4,10.43,1.4,0.64,2.54,-0.4,0.07
20,IDEA,Idea Cellular Ltd.,TELECOMMUNICATION - SERVICES,32998377920,3984.44,0.43,0.9,0.23,3.01,-0.86,0.1
21,INFOSYSTCH,Infosys Technologies Ltd.,COMPUTERS - SOFTWARE,2869125960,128046.5,6.9,0.65,0.31,1.46,-0.13,0.07
22,IDFC,Infrastructure Development Finance Co. Ltd.,FINANCIAL INSTITUTION,13011286920,16007.57,1.73,1.36,0.46,2.77,-0.35,0.09
23,JPASSOCIAT,Jaiprakash Associates Ltd.,DIVERSIFIED,4249269266,14298.38,0.31,1.82,0.62,2.76,-0.77,0.09
24,JINDALSTEL,Jindal Steel & Power Ltd.,STEEL AND STEEL PRODUCTS,931486088,25227.45,0.27,1.18,0.4,2.87,-0.57,0.09
25,KOTAKBANK,Kotak Mahindra Bank Ltd.,BANKS,3481652020,13084.71,1.41,1.37,0.57,2.66,0.16,0.09
26,LT,Larsen & Toubro Ltd.,ENGINEERING,1205328528,86168.25,1.86,1.1,0.59,2.2,0.07,0.08
27,M&M,Mahindra & Mahindra Ltd.,AUTOMOBILES - 4 WHEELERS,2892172390,24400.74,1.31,1.22,0.43,2.72,0.44,0.09
28,MARUTI,Maruti Suzuki India Ltd.,AUTOMOBILES - 4 WHEELERS,1444550300,16362.49,0.88,0.78,0.27,1.39,-0.15,0.06
29,NTPC,NTPC Ltd.,POWER,82454644000,25856.06,2.79,0.63,0.34,1.45,-0.11,0.06
30,ONGC,Oil & Natural Gas Corporation Ltd.,OIL EXPLORATION/PRODUCTION,21388725300,39380.8,4.24,0.72,0.27,2.63,0.52,0.07
31,POWERGRID,Power Grid Corporation of India Ltd.,POWER,42088412300,5928.74,0.64,0.7,0.35,1.35,-0.29,0.07
32,PNB,Punjab National Bank,BANKS,3153025000,13339.38,1.44,0.84,0.38,1.79,-0.16,0.08
33,RANBAXY,Ranbaxy Laboratories Ltd.,PHARMACEUTICALS,2103341010,6527.12,0.35,0.81,0.23,2.1,-0.12,0.08
34,RELCAPITAL,Reliance Capital Ltd.,FINANCE,2456328000,7400.61,0.8,1.54,0.61,2.61,-0.55,0.08
35,RCOM,Reliance Communications Ltd.,TELECOMMUNICATION - SERVICES,10320134405,9698.69,0.52,1.3,0.39,3.75,-0.51,0.1
36,RELIANCE,Reliance Industries Ltd.,REFINERIES,32867018930,176855.11,19.06,1.08,0.53,1.98,0.07,0.08
37,RELINFRA,Reliance Infrastructure Ltd.,POWER,2252702620,13770.56,1.48,1.48,0.54,3.49,-0.24,0.09
38,RPOWER,Reliance Power Ltd.,POWER,23968000000,5701.83,0.61,1.1,0.45,3.51,-0.13,0.1
39,SIEMENS,Siemens Ltd.,ELECTRICAL EQUIPMENT,674320400,10549.63,0.23,1.27,0.56,2.27,-0.07,0.09
40,SBIN,State Bank of India,BANKS,6348802220,58461.17,6.3,1.13,0.54,2.06,-0.05,0.06
41,SAIL,Steel Authority of India Ltd.,STEEL AND STEEL PRODUCTS,41304005450,12094.94,1.3,1.38,0.54,2.77,-0.23,0.08
42,STER,Sterlite Industries (India) Ltd.,METALS,1680783722,26679.73,0.58,1.46,0.5,3.35,-1,0.08
43,SUNPHARMA,Sun Pharmaceutical Industries Ltd.,PHARMACEUTICALS,1035581955,12506.17,0.67,0.33,0.05,1.53,0.29,0.08
44,SUZLON,Suzlon Energy Ltd.,ELECTRICAL EQUIPMENT,3113479486,4108.88,0.09,1.54,0.33,3.08,-0.92,0.09
45,TCS,Tata Consultancy Services Ltd.,COMPUTERS - SOFTWARE,1957220996,37632.39,0.41,0.76,0.25,2.02,-0.12,0.07
46,TATAMOTORS,Tata Motors Ltd.,AUTOMOBILES - 4 WHEELERS,5064816780,24089.62,2.6,1.45,0.4,3.46,-0.63,0.07
47,TATAPOWER,Tata Power Co. Ltd.,POWER,2373072360,20979.93,2.26,0.78,0.33,1.7,-0.25,0.08
48,TATASTEEL,Tata Steel Ltd.,STEEL AND STEEL PRODUCTS,8873890170,30517.69,3.29,1.67,0.55,2.79,-0.97,0.07
49,UNITECH,Unitech Ltd.,CONSTRUCTION,4877602094,9738.88,0.21,1.88,0.52,3.4,-0.69,0.09
50,WIPRO,Wipro Ltd.,COMPUTERS - SOFTWARE,2936690224,20117.85,0.43,0.75,0.31,2.12,0.01,0.07
,,,Total,,1469955.42,,,,,,0.08
,,,,,,,,,,,
* Beta & R2 are calculated for the period 01-May-2010 to 31-May-2010,,,,,,,,,,,
,,,,,,,,,,,
* Beta measures the  degree to which any portfolio of stocks is affected as compared to the effect,,,,,,,,,,,
  on the market as a whole.,,,,,,,,,,,
,,,,,,,,,,,
* The coefficient of determination (R2) measures the strength of relationship between two variables,,,,,,,,,,,
   the return on  a security versus that of the market.,,,,,,,,,,,
,,,,,,,,,,,
* Volatility is the Std. deviation of the daily returns for the period 01-May-2010 to 31-May-2010,,,,,,,,,,,
,,,,,,,,,,,
* Last day of trading was 31-May-2010,,,,,,,,,,,
,,,,,,,,,,,
* Impact Cost for S&P CNX Nifty is for a portfolio of Rs. 50 Lakhs  ,,,,,,,,,,,
,,,,,,,,,,,
* Impact Cost for S&P CNX Nifty is the weightage average impact cost,,,,,,,,,,,
