Annexure II- Nifty Next 50 Index : November 2015,,,,,,,,,,,
,,,,,,,,,,,
Sr. No,Security Symbol,Security Name,Industry,Equity Capital (In Rs.),Free Float Market Capitalisation (Rs. Crores),Weightage (%),Beta,R2,Volatility (%),Monthly Return,Avg. Impact Cost (%)
1,APOLLOHOSP,Apollo Hospitals Enterprises Ltd.,MISCELLANEOUS,695625795,10027.06,1.80,1.00,0.23,1.75,0.18,0.04
2,ASHOKLEY,Ashok Leyland Ltd.,AUTOMOBILES - 4 WHEELERS,2845876634,13357.80,2.40,1.38,0.33,2.22,0.96,0.03
3,AUROPHARMA,Aurobindo Pharma Ltd.,PHARMACEUTICALS,583964550,21791.43,3.92,1.22,0.27,1.84,-3.13,0.03
4,BAJAJFINSV,Bajaj Finserv Ltd.,FINANCE,795773465,11677.31,2.10,0.77,0.14,1.08,-2.00,0.07
5,BAJAJHLDNG,Bajaj Holdings & Investment Ltd.,FINANCE,1112935100,10205.16,1.84,0.31,0.04,0.59,2.92,0.12
6,BANKINDIA,Bank of India,BANKS,7919131700,2806.31,0.50,1.64,0.41,1.49,-0.08,0.04
7,BHARATFORG,Bharat Forge Ltd.,CASTINGS/FORGINGS,465588632,10544.82,1.90,1.25,0.27,1.47,-1.02,0.03
8,INFRATEL,Bharti Infratel Ltd.,TELECOMMUNICATION - EQUIPMENT,18966670690,20640.24,3.71,0.49,0.03,2.30,-1.12,0.04
9,BRITANNIA,Britannia Industries Ltd.,FOOD AND FOOD PROCESSING,239951630,17276.09,3.11,0.64,0.12,1.59,-9.56,0.04
10,CANBK,Canara Bank,BANKS,5429910540,3893.17,0.70,1.54,0.38,1.47,-1.68,0.04
11,COLPAL,Colgate Palmolive (India) Ltd.,PERSONAL CARE,271985634,12938.81,2.33,0.50,0.13,1.05,1.62,0.04
12,CONCOR,Container Corporation of India Ltd.,TRAVEL AND TRANSPORT,1949741910,10355.83,1.86,0.56,0.06,1.42,4.91,0.06
13,CUMMINSIND,Cummins India Ltd.,DIESEL ENGINES,554400000,13466.61,2.42,0.81,0.19,1.26,-7.66,0.06
14,DABUR,Dabur India Ltd.,PERSONAL CARE,1757089420,15285.12,2.75,0.57,0.12,1.16,1.04,0.03
15,DIVISLAB,Divi's Laboratories Ltd.,PHARMACEUTICALS,530937160,14632.65,2.63,0.73,0.19,1.50,-0.31,0.04
16,EICHERMOT,Eicher Motors Ltd.,AUTOMOBILES - 4 WHEELERS,271423830,20475.07,3.68,1.12,0.27,2.16,-5.71,0.03
17,EXIDEIND,Exide Industries Ltd.,AUTO ANCILLARIES,850000000,6821.41,1.23,0.83,0.18,1.21,-0.60,0.04
18,FEDERALBNK,Federal Bank Ltd.,BANKS,3436756200,10086.88,1.81,1.03,0.26,1.77,8.20,0.06
19,GSKCONS,GlaxoSmithkline Consumer Healthcare Ltd.,FOOD AND FOOD PROCESSING,420555380,6793.97,1.22,0.28,0.05,1.21,-2.45,0.07
20,GLAXO,Glaxosmithkline Pharmaceuticals Ltd.,PHARMACEUTICALS,847030170,6980.06,1.26,0.33,0.07,1.06,-0.42,0.09
21,GLENMARK,Glenmark Pharmaceuticals Ltd.,PHARMACEUTICALS,282156156,13748.56,2.47,0.89,0.18,1.27,-1.06,0.03
22,GODREJCP,Godrej Consumer Products Ltd.,PERSONAL CARE,340532966,15348.90,2.76,0.80,0.11,2.56,-2.73,0.06
23,HINDPETRO,Hindustan Petroleum Corporation Ltd.,REFINERIES,3386272500,13907.89,2.50,1.08,0.21,2.31,9.32,0.03
24,IBULHSGFIN,Indiabulls Housing Finance Ltd.,FINANCE - HOUSING,838469864,20993.99,3.78,1.09,0.23,3.21,-4.70,0.04
25,IOC,Indian Oil Corporation Ltd.,REFINERIES,24279524820,20708.11,3.73,0.71,0.15,1.27,5.33,0.03
26,JSWSTEEL,JSW Steel Ltd.,STEEL AND STEEL PRODUCTS,2417220440,9497.52,1.71,1.20,0.32,1.67,-0.90,0.04
27,LICHSGFIN,LIC Housing Finance Ltd.,FINANCE - HOUSING,1009326000,14597.16,2.63,1.46,0.43,1.64,1.00,0.03
28,MRF,MRF Ltd.,TYRES,42411430,9504.55,1.71,1.19,0.35,1.45,-2.23,0.04
29,M&MFIN,Mahindra & Mahindra Financial Services Ltd.,FINANCE,1137529920,6357.53,1.14,0.83,0.15,1.75,2.53,0.05
30,MARICO,Marico Ltd.,PERSONAL CARE,645085599,10995.57,1.98,0.63,0.11,1.67,9.16,0.04
31,MOTHERSUMI,Motherson Sumi Systems Ltd.,AUTO ANCILLARIES,1322879040,13167.90,2.37,1.17,0.21,3.21,17.63,0.04
32,NMDC,NMDC Ltd.,MINING,3964716000,7527.34,1.35,0.70,0.14,1.61,-5.29,0.05
33,OIL,Oil India Ltd.,OIL EXPLORATION/PRODUCTION,6011359550,5323.30,0.96,0.69,0.15,1.82,-7.00,0.03
34,OFSS,Oracle Financial Services Software Ltd.,COMPUTERS - SOFTWARE,423972360,8294.07,1.49,0.52,0.14,1.30,-1.62,0.05
35,PETRONET,Petronet LNG Ltd.,GAS,7500000440,7027.50,1.26,0.62,0.13,2.60,20.69,0.04
36,PFC,Power Finance Corporation Ltd.,FINANCIAL INSTITUTION,13200407040,9067.73,1.63,1.50,0.35,2.34,-11.05,0.04
37,RELCAPITAL,Reliance Capital Ltd.,FINANCE,2526328000,4931.84,0.89,1.51,0.38,1.93,3.65,0.03
38,RCOM,Reliance Communications Ltd.,TELECOMMUNICATION - SERVICES,12444898725,7602.77,1.37,1.68,0.29,4.08,0.66,0.06
39,RELINFRA,Reliance Infrastructure Ltd.,POWER,2629900000,6119.09,1.10,1.68,0.39,2.46,14.02,0.03
40,RECLTD,Rural Electrification Corporation Ltd.,FINANCIAL INSTITUTION,9874590000,9083.72,1.63,1.44,0.33,2.90,-6.37,0.05
41,SRTRANSFIN,Shriram Transport Finance Co. Ltd.,FINANCE,2268827360,12690.14,2.28,0.87,0.13,2.09,-7.34,0.04
42,SIEMENS,Siemens Ltd.,ELECTRICAL EQUIPMENT,712240510,11021.52,1.98,1.44,0.43,1.33,-6.73,0.05
43,SAIL,Steel Authority of India Ltd.,STEEL AND STEEL PRODUCTS,41305252890,4719.71,0.85,1.29,0.33,1.80,-14.34,0.06
44,SUNDARMFIN,Sundaram Finance Ltd.,FINANCE,1111038600,9916.91,1.78,0.58,0.11,1.55,-2.08,0.15
45,TATACHEM,Tata Chemicals Ltd.,CHEMICALS - INORGANIC,2547562780,7364.66,1.32,1.14,0.38,1.15,2.55,0.04
46,TATAGLOBAL,Tata Global Beverages Ltd.,TEA AND COFFEE,631129729,5692.19,1.02,1.12,0.40,1.73,3.07,0.05
47,TITAN,Titan Company Ltd.,"GEMS, JEWELLERY AND WATCHES",887786160,15912.60,2.86,0.58,0.11,1.35,9.10,0.05
48,UPL,UPL Ltd.,PESTICIDES AND AGROCHEMICALS,857208548,12508.92,2.25,0.93,0.15,1.96,-9.56,0.03
49,UBL,United Breweries Ltd.,BREW/DISTILLERIES,264405149,6351.55,1.14,1.08,0.19,2.25,1.07,0.06
50,MCDOWELL-N,United Spirits Ltd.,BREW/DISTILLERIES,1307949680,15795.28,2.84,0.86,0.13,2.77,-0.91,0.04
,,,,,555834.31,,,,,,0.04
,,,,,,,,,,,
* Beta & R2 are calculated for the period 01-Dec-2014 to 30-Nov-2015,,,,,,,,,,,
,,,,,,,,,,,
* Beta measures the  degree to which any portfolio of stocks is affected as compared to the effect,,,,,,,,,,,
  on the market as a whole.,,,,,,,,,,,
,,,,,,,,,,,
* The coefficient of determination (R2) measures the strength of relationship between two variables,,,,,,,,,,,
   the return on  a security versus that of the market.,,,,,,,,,,,
,,,,,,,,,,,
* Volatility is the Std. deviation of the daily returns for the period 01-Nov-2015 to 30-Nov-2015,,,,,,,,,,,
,,,,,,,,,,,
* Last day of trading was 30-Nov-2015.,,,,,,,,,,,
,,,,,,,,,,,
* Impact Cost for Nifty Next 50 is for a portfolio of Rs. 25 Lakhs  ,,,,,,,,,,,
,,,,,,,,,,,
* Impact Cost for Nifty Next 50 is the weightage average impact cost,,,,,,,,,,,
