Annexure II-  CNX Nifty Jr. Index : Aug 2011,,,,,,,,,,,
,,,,,,,,,,,
Sr. No,Security Symbol,Security Name,Industry,Equity Capital,Free Float Market Capitalisation for Aug 2011,Weightage,Beta,R2,Volatility,Monthly Return,Avg. Impact Cost Aug 2011
,,,,(In Rs.),(Rs. Crores),%,,,%,,%
1,ADANIENT,Adani Enterprises Ltd.,TRADING,1099810083,12626.3564,4.215456145,1.150423906,0.25,3.238629942,-9.573014518,0.16
2,ABIRLANUVO,Aditya Birla Nuvo Ltd.,DIVERSIFIED,1135097290,4965.7258,1.657865395,0.925734327,0.38,2.528304858,-3.771704349,0.12
3,ANDHRABANK,Andhra Bank,BANKS,5595803640,3059.6887,1.021512709,1.106417633,0.45,2.007333859,-3.698224852,0.11
4,ASHOKLEY,Ashok Leyland Ltd.,AUTOMOBILES - 4 WHEELERS,2660676634,3241.0358,1.082057551,1.123269375,0.30,2.630754472,-2.739726027,0.14
5,ASIANPAINT,Asian Paints Ltd.,PAINTS,959197790,14925.501,4.983052348,0.538118516,0.18,1.449493635,4.851627313,0.1
6,BANKBARODA,Bank of Baroda,BANKS,3915460790,12389.465,4.136367192,0.975665911,0.45,2.0158359,-16.21052632,0.13
7,BANKINDIA,Bank of India,BANKS,5464803700,5767.6738,1.925605075,1.288112154,0.42,2.202043512,-19.94301994,0.13
8,BEL,Bharat Electronics Ltd.,ELECTRONICS - INDUSTRIAL,800000000,2976.8913,0.993869833,0.405425021,0.12,1.651744226,-12.17455706,0.15
9,BHARATFORG,Bharat Forge Ltd.,CASTINGS/FORGINGS,465588632,3749.3287,1.251757055,1.067891834,0.40,2.935217023,-15.82374319,0.18
10,BIOCON,Biocon Ltd.,PHARMACEUTICALS,1000000000,2292.2127,0.765281908,1.057188807,0.36,1.667548612,-8.992162794,0.1
11,CANBK,Canara Bank,BANKS,4430000000,6103.9532,2.037875869,1.230780262,0.38,2.275145324,-6.994225951,0.11
12,COALINDIA,Coal India Ltd.,MINING,63163644000,23724.2647,7.92062209,0.483084749,0.09,1.958783845,-3.258209916,0.08
13,COLPAL,Colgate Palmolive (India) Ltd.,PERSONAL CARE,135992817,6337.4625,2.115835669,0.448671058,0.12,1.630230102,-2.546367456,0.13
14,CONCOR,Container Corporation of India Ltd.,TRAVEL AND TRANSPORT,1299827940,4483.7732,1.496959906,0.519063415,0.14,1.482403899,-14.72829311,0.19
15,CROMPGREAV,Crompton Greaves Ltd.,ELECTRICAL EQUIPMENT,1282983072,5699.5078,1.902847062,0.910852154,0.19,3.002864657,-11.24225435,0.14
16,CUMMINSIND,Cummins India Ltd.,DIESEL ENGINES,396000000,5743.5606,1.917554602,0.546636253,0.19,1.448914301,-7.651509243,0.13
17,EXIDEIND,Exide Industries Ltd.,AUTO ANCILLARIES,850000000,6865.0187,2.291966451,0.660728285,0.12,2.089730867,-3.516129032,0.13
18,FEDERALBNK,Federal Bank Ltd.,BANKS,1712115340,6353.66,2.121243393,1.144351082,0.42,2.841611133,-12.97924727,0.15
19,GMRINFRA,GMR Infrastructure Ltd.,CONSTRUCTION,3892434782,3000.9168,1.001891026,1.291477963,0.40,2.299425448,-12.07177814,0.16
20,GLAXO,Glaxosmithkline Pharmaceuticals Ltd.,PHARMACEUTICALS,847030170,8856.8594,2.956965668,0.278131607,0.07,1.258006115,-9.608085633,0.15
21,GLENMARK,Glenmark Pharmaceuticals Ltd.,PHARMACEUTICALS,270331753,4557.3938,1.521539001,0.882594531,0.17,2.14672626,-1.316386745,0.11
22,HINDPETRO,Hindustan Petroleum Corporation Ltd.,REFINERIES,3386272500,6182.4819,2.064093591,0.715195191,0.18,1.661818157,-2.684039088,0.1
23,HDIL,Housing Development and Infrastructure Ltd.,CONSTRUCTION,4150039860,2604.6006,0.869576246,1.959157801,0.50,4.203068684,-28.36605891,0.12
24,IDBI,IDBI Bank Ltd.,BANKS,9845646550,3793.5735,1.266528697,1.426124542,0.59,2.211961789,-14.17475728,0.1
25,IFCI,IFCI Ltd.,FINANCIAL INSTITUTION,7378373310,2548.1164,0.850718338,1.739015423,0.56,3.885920178,-16.40798226,0.11
26,INDHOTEL,Indian Hotels Co. Ltd.,HOTELS,759472787,3636.7737,1.214179258,0.940800651,0.36,1.73283474,-5.131578947,0.12
27,IOB,Indian Overseas Bank ,BANKS,6187493430,2323.2021,0.77562808,1.317452325,0.46,1.691577972,-20.60627932,0.14
28,INDUSINDBK,IndusInd Bank Ltd.,BANKS,4659689850,8783.7247,2.932548796,1.214473135,0.37,2.389485854,-9.07079646,0.15
29,JSWSTEEL,JSW Steel Ltd.,STEEL AND STEEL PRODUCTS,2231172000,7188.3656,2.399919579,1.6427281,0.49,3.954714684,-12.25255531,0.09
30,LICHSGFIN,LIC Housing Finance Ltd.,FINANCE - HOUSING,949326000,6375.3354,2.128479978,1.570409979,0.41,2.100906197,-0.37655919,0.09
31,LUPIN,Lupin Ltd.,PHARMACEUTICALS,892595198,10621.7003,3.546178358,0.866873172,0.28,1.896510452,-1.319406267,0.1
32,MPHASIS,MphasiS Ltd.,COMPUTERS - SOFTWARE,2100325140,2595.0415,0.86638483,0.833707429,0.12,3.689302408,-21.08373286,0.16
33,MUNDRAPORT,Mundra Port and Special Economic Zone Ltd.,SHIPPING,4006788200,6857.5172,2.289461988,1.007382568,0.26,2.614534028,5.956112853,0.15
34,OFSS,Oracle Financial Services Software Ltd.,COMPUTERS - SOFTWARE,419571260,2984.1588,0.996296172,0.653161652,0.20,1.931138137,-14.29313071,0.14
35,PATNI,Patni Computer Systems Ltd.,COMPUTERS - SOFTWARE,268040676,692.7574,0.231285127,0.522820149,0.10,2.705832288,-10.85283251,0.13
36,PFC,Power Finance Corporation Ltd.,FINANCIAL INSTITUTION,13199317050,5048.6948,1.685565562,1.185902667,0.35,3.219891665,-20.96117296,0.11
37,PUNJLLOYD,Punj Lloyd Ltd.,CONSTRUCTION,664191490,1217.6013,0.406510376,1.952452738,0.49,3.986912457,-17.0575693,0.11
38,RECLTD,Rural Electrification Corporation Ltd.,FINANCIAL INSTITUTION,9874590000,5724.2992,1.91112396,1.486604384,0.46,2.479972765,-16.73819742,0.12
39,SRTRANSFIN,Shriram Transport Finance Co. Ltd.,FINANCE,2261840680,8408.3638,2.807230188,0.874939086,0.18,3.072673497,-1.163062993,0.12
40,SYNDIBANK,Syndicate Bank,BANKS,5732856710,1771.8754,0.59156124,1.449476752,0.52,2.765042851,-15.37818638,0.11
41,TATACHEM,Tata Chemicals Ltd.,CHEMICALS - INORGANIC,2547562780,5877.8923,1.962402805,0.906293043,0.36,1.31735828,-5.57122708,0.12
42,TECHM,Tech Mahindra Ltd.,COMPUTERS - SOFTWARE,1269877410,2381.3491,0.795041133,1.080823143,0.31,2.85336105,-16.3863651,0.11
43,TITAN,Titan Industries Ltd.,"GEMS, JEWELLERY AND WATCHES",887786160,8526.6538,2.846722682,1.055751401,0.29,2.020390582,-9.879518072,0.1
44,TORNTPOWER,Torrent Power Ltd.,POWER,4724483080,3795.6372,1.267217688,0.507364007,0.11,2.010005168,-6.715176715,0.26
45,ULTRACEMCO,UltraTech Cement Ltd.,CEMENT AND CEMENT PRODUCTS,2740496680,10455.7449,3.490772214,0.610510197,0.18,1.763332655,3.958424401,0.14
46,UNIONBANK,Union Bank of India,BANKS,5243324150,5460.2353,1.822963151,1.195065904,0.45,2.137868272,-15.97089901,0.13
47,UNIPHOS,United Phosphorus Ltd.,PESTICIDES AND AGROCHEMICALS,923608548,4935.3579,1.647726718,1.060298165,0.31,2.159606552,-12.48120301,0.13
48,MCDOWELL-N,United Spirits Ltd.,BREW/DISTILLERIES,1307949680,7913.9779,2.642173697,1.240330275,0.37,2.716775705,-12.42314824,0.15
49,YESBANK,Yes Bank Ltd.,BANKS,3481423940,6638.9942,2.216505539,1.504731224,0.53,2.828295898,-10.65507806,0.09
50,ZEEL,Zee Entertainment Enterprises Ltd.,MEDIA & ENTERTAINMENT,978142930,6460.9939,2.157078066,0.592779199,0.14,1.161403103,-12.30535511,0.09
,,,,,299525.27,100,,,,,0.12
,,,,,,,,,,,
* Beta & R2 are calculated for the period 01-Sept-2010 to 30-Aug-2011,,,,,,,,,,,
,,,,,,,,,,,
* Beta measures the degree to which any portfolio of stocks is affected as compared to the effect,,,,,,,,,,,
  on the market as a whole.,,,,,,,,,,,
,,,,,,,,,,,
* The coefficient of determination (R2) measures the strength of relationship between two variables,,,,,,,,,,,
   the return on  a security versus that of the market.,,,,,,,,,,,
,,,,,,,,,,,
* Volatility is the Std. deviation of the daily returns for the period 01-Aug-2011 to 30-Aug-2011,,,,,,,,,,,
,,,,,,,,,,,
* Last day of trading was 30-Aug-2011,,,,,,,,,,,
,,,,,,,,,,,
* Impact Cost for CNX Nifty Junior is for a portfolio of Rs. 25 Lakhs  ,,,,,,,,,,,
,,,,,,,,,,,
* Impact Cost for CNX Nifty Junior is the weightage average impact cost,,,,,,,,,,,
