CNX NIFTY JUNIOR INDEX : September 2009,,,,,,,,,,,,,
,,,,,,,,,,,,,
Sr.no.,Security Symbol,Security Name,Industry,Equity Capital,Free Float Market Capitalisation for September 2009,Weightage,Beta,R2,Volatility,Monthly return,Avg. Impact Cost for September 2009,,
,,,,(In Rs.),(Rs. crores),%,,,%,,%,,
,,,,,,,,,,,,,
1,ABIRLANUVO,Aditya Birla Nuvo Ltd.,TEXTILES - SYNTHETIC," 950,067,680 "," 5,293 ",2.20%,1.01 ,0.44 ,1.41 , (5.15),0.14,,
2,ADANIENT,Adani Enterprises Ltd.,TRADING," 246,609,175 "," 4,120 ",1.71%,0.98 ,0.48 ,1.93 , (6.83),0.14,,
3,ANDHRABANK,Andhra Bank,BANKS," 4,850,000,000 "," 2,492 ",1.04%,0.82 ,0.49 ,1.64 , 18.56 ,0.11,,
4,APOLLOTYRE,Apollo Tyres Ltd.,TYRES," 504,024,770 "," 1,237 ",0.51%,0.68 ,0.24 ,2.32 , 5.90 ,0.12,,
5,ASHOKLEY,Ashok Leyland Ltd.,AUTOMOBILES - 4 WHEELERS," 1,330,338,317 "," 2,762 ",1.15%,0.91 ,0.41 ,2.03 , 8.17 ,0.13,,
6,ASIANPAINT,Asian Paints Ltd.,PAINTS," 959,197,790 "," 6,744 ",2.81%,0.31 ,0.15 ,0.94 , 0.39 ,0.18,,
7,BANKBARODA,Bank of Baroda,BANKS," 3,642,664,000 "," 8,105 ",3.37%,0.84 ,0.46 ,1.69 , 11.34 ,0.10,,
8,BANKINDIA,Bank of India,BANKS," 5,251,728,000 "," 7,745 ",3.22%,0.98 ,0.56 ,2.87 , 22.65 ,0.09,,
9,BEL,Bharat Electronics Ltd.,ELECTRONICS - INDUSTRIAL," 800,000,000 "," 2,962 ",1.23%,0.53 ,0.29 ,2.00 , 7.59 ,0.12,,
10,BHARATFORG,Bharat Forge Ltd.,CASTINGS/FORGINGS," 445,304,542 "," 3,454 ",1.44%,0.91 ,0.30 ,3.94 , 25.84 ,0.12,,
11,BIOCON,Biocon Ltd.,PHARMACEUTICALS," 1,000,000,000 "," 2,027 ",0.84%,0.78 ,0.29 ,2.33 , 8.74 ,0.10,,
12,CANBK,Canara Bank,BANKS," 4,100,000,000 "," 3,545 ",1.47%,0.79 ,0.42 ,1.97 , 21.05 ,0.09
13,CHENNPETRO,Chennai Petroleum Corporation Ltd.,REFINERIES," 1,489,114,000 "," 1,282 ",0.53%,0.78 ,0.38 ,2.25 , 29.59 ,0.14
14,CONCOR,Container Corporation of India Ltd.,TRAVEL AND TRANSPORT," 1,299,827,940 "," 5,742 ",2.39%,0.31 ,0.12 ,2.00 , 0.97 ,0.25
15,CORPBANK,Corporation Bank,BANKS," 1,434,400,000 "," 2,600 ",1.08%,0.69 ,0.45 ,1.77 , 8.32 ,0.16
16,CUMMINSIND,Cummins India Ltd.,DIESEL ENGINES," 396,000,000 "," 3,391 ",1.41%,0.66 ,0.34 ,2.91 , 3.13 ,0.13
17,DRREDDY,Dr. Reddy's Laboratories Ltd.,PHARMACEUTICALS," 843,336,350 "," 12,424 ",5.17%,0.47 ,0.20 ,2.73 , 25.20 ,0.10
18,GLAXO,Glaxosmithkline Pharmaceuticals Ltd.,PHARMACEUTICALS," 847,030,170 "," 6,485 ",2.70%,0.09 ,0.02 ,1.75 , 8.31 ,0.17
19,GLENMARK,Glenmark Pharmaceuticals Ltd.,PHARMACEUTICALS," 269,584,453 "," 3,076 ",1.28%,0.98 ,0.24 ,1.76 , 9.72 ,0.10
20,GMRINFRA,GMR Infrastructure Ltd.,CONSTRUCTION," 3,667,354,392 "," 6,585 ",2.74%,1.27 ,0.53 ,1.48 , (2.09),0.09
21,HDIL,Housing Development and Infrastructure Ltd.,CONSTRUCTION," 3,458,426,760 "," 5,684 ",2.36%,1.84 ,0.58 ,3.17 , 1.51 ,0.08
22,IDBI,IDBI Bank Ltd.,BANKS," 7,247,330,780 "," 4,371 ",1.82%,1.23 ,0.66 ,2.88 , 22.55 ,0.09
23,IDFC,Infrastructure Development Finance Co. Ltd.,FINANCIAL INSTITUTION," 12,954,991,130 "," 13,511 ",5.62%,1.51 ,0.64 ,2.59 , 9.11 ,0.09
24,IFCI,IFCI Ltd.,FINANCIAL INSTITUTION," 7,378,373,310 "," 3,717 ",1.55%,1.60 ,0.67 ,3.22 , 0.09 ,0.09
25,INDHOTEL,Indian Hotels Co. Ltd.,HOTELS," 723,405,288 "," 3,946 ",1.64%,0.79 ,0.35 ,2.79 , 18.53 ,0.13
26,IOB,Indian Overseas Bank ,BANKS," 5,448,000,000 "," 2,681 ",1.12%,1.02 ,0.53 ,2.65 , 50.77 ,0.10
27,HINDPETRO,Hindustan Petroleum Corporation Ltd.,REFINERIES," 3,386,272,500 "," 6,653 ",2.77%,0.42 ,0.12 ,3.23 , 13.47 ,0.09
28,JPASSOCIAT,Jaiprakash Associates Ltd.,DIVERSIFIED," 2,804,102,740 "," 16,619 ",6.91%,1.87 ,0.74 ,2.85 , 4.51 ,0.09
29,JSWSTEEL,JSW Steel Ltd.,STEEL AND STEEL PRODUCTS," 1,870,486,820 "," 8,563 ",3.56%,1.48 ,0.50 ,2.24 , 20.82 ,0.08
30,KOTAKBANK,Kotak Mahindra Bank Ltd.,BANKS," 3,466,068,210 "," 12,488 ",5.19%,1.34 ,0.62 ,1.42 , 8.84 ,0.11
31,LICHSGFIN,LIC Housing Finance Ltd.,FINANCE - HOUSING," 849,326,000 "," 3,880 ",1.61%,1.17 ,0.50 ,3.54 , 19.39 ,0.09
32,LUPIN,Lupin Ltd.,PHARMACEUTICALS," 846,852,070 "," 4,764 ",1.98%,0.46 ,0.21 ,2.09 , 11.81 ,0.13
33,MCDOWELL-N,United Spirits Ltd.,BREW/DISTILLERIES," 1,079,123,770 "," 6,049 ",2.52%,1.14 ,0.36 ,1.54 , (4.43),0.10
34,MOSERBAER,Moser Baer India Ltd.,COMPUTERS - HARDWARE," 1,683,061,040 "," 1,371 ",0.57%,1.24 ,0.50 ,2.72 , 7.28 ,0.09
35,MPHASIS,Mphasis  Ltd.,COMPUTERS - SOFTWARE," 2,092,933,910 "," 5,479 ",2.28%,0.73 ,0.25 ,2.48 , 19.77 ,0.11
36,MRPL,Mangalore Refinery & Petrochemicals Ltd.,REFINERIES," 17,529,023,270 "," 1,830 ",0.76%,0.94 ,0.38 ,2.48 , 6.47 ,0.10
37,MUNDRAPORT,Mundra Port and Special Economic Zone Ltd.,TRAVEL AND TRANSPORT," 4,006,788,200 "," 3,914 ",1.63%,0.86 ,0.40 ,1.84 , (6.75),0.10
38,OFSS,Oracle Financial Services Software Ltd.,COMPUTERS - SOFTWARE," 418,846,930 "," 2,998 ",1.25%,0.80 ,0.31 ,1.67 , 6.00 ,0.12
39,PATNI,Patni Computer Systems Ltd.,COMPUTERS - SOFTWARE," 256,251,784 "," 3,044 ",1.27%,0.73 ,0.22 ,3.08 , 8.43 ,0.08
40,PFC,Power Finance Corporation Ltd.,FINANCIAL INSTITUTION," 11,477,667,000 "," 2,687 ",1.12%,0.83 ,0.49 ,1.63 , (5.06),0.10
41,RAYMOND,Raymond Ltd.,TEXTILE PRODUCTS," 613,808,530 ", 789 ,0.33%,0.75 ,0.31 ,3.61 , 16.76 ,0.23
42,RNRL,Reliance Natural Resources Ltd.,GAS," 8,165,652,110 "," 6,494 ",2.70%,1.45 ,0.56 ,1.75 , 2.26 ,0.08
43,SESAGOA,Sesa Goa Ltd.,MINING," 820,514,400 "," 10,225 ",4.25%,1.02 ,0.44 ,2.69 , 25.15 ,0.07
44,SYNDIBANK,Syndicate Bank,BANKS," 5,219,682,820 "," 1,634 ",0.68%,0.74 ,0.46 ,1.82 , 17.63 ,0.11
45,TECHM,Tech Mahindra Ltd.,COMPUTERS - SOFTWARE," 1,219,109,640 "," 1,914 ",0.80%,1.09 ,0.38 ,1.86 , (1.34),0.07
46,TTML,Tata Teleservices (Maharashtra) Ltd.,TELECOMMUNICATION - SERVICES," 18,971,968,540 "," 1,530 ",0.64%,0.87 ,0.37 ,2.22 , 7.57 ,0.11
47,ULTRACEMCO,UltraTech Cement Ltd.,CEMENT AND CEMENT PRODUCTS," 1,244,858,790 "," 4,501 ",1.87%,0.61 ,0.27 ,1.90 , 4.96 ,0.15
48,UNIONBANK,Union Bank of India,BANKS," 5,051,179,000 "," 5,395 ",2.24%,0.67 ,0.38 ,1.88 , 12.09 ,0.10
49,VIJAYABANK,Vijaya Bank,BANKS," 4,335,178,000 "," 1,030 ",0.43%,0.84 ,0.53 ,2.24 , 20.61 ,0.11
50,WOCKPHARMA,Wockhardt Ltd.,PHARMACEUTICALS," 547,179,515 ", 560 ,0.23%,0.73 ,0.27 ,2.53 , 20.25 ,0.13
,,,,," 240,394 ",100.00%,,,,,0.11
,,,,,,,,,,,
* Beta & R2 are calculated for the period 01-October-2008 to 30-September-2009,,,,,,,,,,,
,,,,,,,,,,,
* Beta measures the  degree to which any portfolio of stocks is affected as compared to the effect on the market as a whole.,,,,,,,,,,,
  ,,,,,,,,,,,
"* The coefficient of determination (R2) measures the strength of relationship between two variables, ",,,,,,,,,,,
the return on  a security versus that of the market.,,,,,,,,,,,
   ,,,,,,,,,,,
* Volatility is the Std. deviation of the daily returns for the period 01-September-2009 to 30-September-2009,,,,,,,,,
,,,,,,,,,
* Last day of trading was 30-September-2009,,,,,,,,,
,,,,,,,,,
* Impact Cost for CNX Nifty Junior is for a portfolio of Rs. 25 lakhs  ,,,,,,,,,
,,,,,,,,,
* Impact Cost for CNX Nifty Junior is the weightage average impact cost,,,,,,,,,
,,,,,,,,,
,,,,,,,,,
,,,,,,,,,
,,,,,,,,,
,,,,,,,,,
,,,,,,,,,
,,,,,,,,,
,,,,,,,,,
,,,,,,,,,
,,,,,,,,,
,,,,,,,,,
,,,,,,,,,
,,,,,,,,,
,,,,,,,,,
,,,,,,,,,
,,,,,,,,,
,,,,,,,,,
,,,,,,,,,
,,,,,,,,,
,,,,,,,,,
,,,,,,,,,
,,,,,,,,,
,,,,,,,,,
,,,,,,,,,
,,,,,,,,,
,,,,,,,,,
,,,,,,,,,
,,,,,,,,,
,,,,,,,,,
,,,,,,,,,
,,,,,,,,,
,,,,,,,,,
,,,,,,,,,
,,,,,,,,,
,,,,,,,,,
,,,,,,,,,
,,,,,,,,,
,,,,,,,,,
,,,,,,,,,
,,,,,,,,,
,,,,,,,,,
,,,,,,,,,
,,,,,,,,,
,,,,,,,,,
,,,,,,,,,
,,,,,,,,,
,,,,,,,,,
,,,,,,,,,
,,,,,,,,,
,,,,,,,,,
,,,,,,,,,
,,,,,,,,,
,,,,,,,,,
,,,,,,,,,
,,,,,,,,,
,,,,,,,,,
,,,,,,,,,
,,,,,,,,,
,,,,,,,,,
,,,,,,,,,
,,,,,,,,,
,,,,,,,,,
,,,,,,,,,
,,,,,,,,,
,,,,,,,,,
,,,,,,,,,
,,,,,,,,,
,,,,,,,,,
,,,,,,,,,
,,,,,,,,,
,,,,,,,,,
,,,,,,,,,
,,,,,,,,,
,,,,,,,,,
,,,,,,,,,
,,,,,,,,,
,,,,,,,,,
,,,,,,,,,
,,,,,,,,,
,,,,,,,,,
,,,,,,,,,
,,,,,,,,,
,,,,,,,,,
,,,,,,,,,
,,,,,,,,,
,,,,,,,,,
,,,,,,,,,
,,,,,,,,,
,,,,,,,,,
,,,,,,,,,
,,,,,,,,,
,,,,,,,,,
,,,,,,,,,
,,,,,,,,,
,,,,,,,,,
,,,,,,,,,
,,,,,,,,,
,,,,,,,,,
,,,,,,,,,
,,,,,,,,,
,,,,,,,,,
,,,,,,,,,
,,,,,,,,,
,,,,,,,,,
,,,,,,,,,
,,,,,,,,,
,,,,,,,,,
,,,,,,,,,
,,,,,,,,,
,,,,,,,,,
,,,,,,,,,
,,,,,,,,,
,,,,,,,,,
,,,,,,,,,
,,,,,,,,,
,,,,,,,,,
,,,,,,,,,
,,,,,,,,,
,,,,,,,,,
,,,,,,,,,
,,,,,,,,,
,,,,,,,,,
,,,,,,,,,
,,,,,,,,,
,,,,,,,,,
,,,,,,,,,
,,,,,,,,,
,,,,,,,,,
,,,,,,,,,
,,,,,,,,,
,,,,,,,,,
,,,,,,,,,
,,,,,,,,,
,,,,,,,,,
,,,,,,,,,
,,,,,,,,,
,,,,,,,,,
,,,,,,,,,
,,,,,,,,,
,,,,,,,,,
,,,,,,,,,
,,,,,,,,,
,,,,,,,,,
,,,,,,,,,
,,,,,,,,,
,,,,,,,,,
,,,,,,,,,
,,,,,,,,,
,,,,,,,,,
,,,,,,,,,
,,,,,,,,,
,,,,,,,,,
,,,,,,,,,
,,,,,,,,,
,,,,,,,,,
,,,,,,,,,
,,,,,,,,,
,,,,,,,,,
,,,,,,,,,
,,,,,,,,,
,,,,,,,,,
,,,,,,,,,
,,,,,,,,,
,,,,,,,,,
,,,,,,,,,
,,,,,,,,,
,,,,,,,,,
,,,,,,,,,
,,,,,,,,,
,,,,,,,,,
,,,,,,,,,
,,,,,,,,,
,,,,,,,,,
,,,,,,,,,
,,,,,,,,,
,,,,,,,,,
,,,,,,,,,
,,,,,,,,,
,,,,,,,,,
,,,,,,,,,
,,,,,,,,,
,,,,,,,,,
,,,,,,,,,
,,,,,,,,,
,,,,,,,,,
,,,,,,,,,
,,,,,,,,,
,,,,,,,,,
,,,,,,,,,
,,,,,,,,,
,,,,,,,,,
,,,,,,,,,
,,,,,,,,,
,,,,,,,,,
,,,,,,,,,
,,,,,,,,,
,,,,,,,,,
,,,,,,,,,
,,,,,,,,,
,,,,,,,,,
,,,,,,,,,
,,,,,,,,,
,,,,,,,,,
,,,,,,,,,
,,,,,,,,,
,,,,,,,,,
,,,,,,,,,
,,,,,,,,,
,,,,,,,,,
,,,,,,,,,
,,,,,,,,,
,,,,,,,,,
,,,,,,,,,
,,,,,,,,,
,,,,,,,,,
,,,,,,,,,
,,,,,,,,,
,,,,,,,,,
,,,,,,,,,
,,,,,,,,,
,,,,,,,,,
,,,,,,,,,
,,,,,,,,,
,,,,,,,,,
,,,,,,,,,
,,,,,,,,,
,,,,,,,,,
,,,,,,,,,
