Annexure II- S&P CNX Nifty Index : May  2012,,,,,,,,,,,
,,,,,,,,,,,
Sr. No,Security Symbol,Security Name,Industry,Equity Capital,Free Float Market Capitalisation for May 2012,Weightage,Beta,R2,Volatility,Monthly Return,Avg. Impact Cost May 2012
,,,,(In Rs.),(Rs. Crores),%,,,%,,%
1,ACC,ACC Ltd.,CEMENT AND CEMENT PRODUCTS,1877452660,10647,0.69,0.74,0.31,1.42,-7.78,0.08
2,AMBUJACEM,Ambuja Cements Ltd.,CEMENT AND CEMENT PRODUCTS,3071313922,11420,0.74,0.77,0.23,1.97,0.36,0.09
3,ASIANPAINT,Asian Paints Ltd.,PAINTS,959197790,18211,1.18,0.26,0.05,1.57,14.03,0.06
4,AXISBANK,Axis Bank Ltd.,BANKS,4132039520,25124,1.63,1.49,0.57,2.21,-12.29,0.06
5,BAJAJ-AUTO,Bajaj Auto Ltd.,AUTOMOBILES - 2 AND 3 WHEELERS,2893670200,20283,1.32,0.70,0.24,1.77,-6.96,0.09
6,BANKBARODA,Bank of Baroda,BANKS,4111233830,12938,0.84,0.96,0.35,2.45,-10.54,0.08
7,BHARTIARTL,Bharti Airtel Ltd.,TELECOMMUNICATION - SERVICES,18987650480,36197,2.35,0.84,0.27,1.84,-2.56,0.08
8,BHEL,Bharat Heavy Electricals Ltd.,ELECTRICAL EQUIPMENT,4895200000,16757,1.09,1.21,0.40,2.62,-5.63,0.07
9,BPCL,Bharat Petroleum Corporation Ltd.,REFINERIES,3615421240,9015,0.59,0.45,0.09,1.88,4.03,0.06
10,CAIRN,Cairn India Ltd.,OIL EXPLORATION/PRODUCTION,19077069630,12334,0.80,0.96,0.32,2.17,-3.23,0.07
11,CIPLA,Cipla Ltd.,PHARMACEUTICALS,1605842714,15725,1.02,0.43,0.14,1.27,-0.67,0.07
12,COALINDIA,Coal India Ltd.,MINING,63163644000,20313,1.32,0.67,0.18,1.48,-8.73,0.06
13,DLF,DLF Ltd.,CONSTRUCTION,3396778098,6712,0.44,1.55,0.44,2.22,-1.28,0.06
14,DRREDDY,Dr. Reddy's Laboratories Ltd.,PHARMACEUTICALS,847801730,21263,1.38,0.40,0.15,0.93,-4.39,0.08
15,GAIL,GAIL (India) Ltd.,GAS,12684774000,14428,0.94,0.56,0.20,1.65,-2.80,0.09
16,GRASIM,Grasim Industries Ltd.,CEMENT AND CEMENT PRODUCTS,917097420,14638,0.95,0.67,0.29,1.66,-10.08,0.09
17,HCLTECH,HCL Technologies Ltd.,COMPUTERS - SOFTWARE,1385272920,12648,0.82,1.02,0.37,1.48,-1.56,0.07
18,HDFC,Housing Development Finance Corporation Ltd.,FINANCE - HOUSING,2953947620,96690,6.29,0.95,0.55,1.49,-2.81,0.06
19,HDFCBANK,HDFC Bank Ltd.,BANKS,4696344140,91349,5.94,0.92,0.55,1.41,-6.69,0.09
20,HEROMOTOCO,Hero MotoCorp Ltd.,AUTOMOBILES - 2 AND 3 WHEELERS,399375000,17464,1.14,0.55,0.14,2.05,-18.34,0.06
21,HINDALCO,Hindalco Industries Ltd.,ALUMINIUM,1914542308,15004,0.98,1.58,0.50,1.94,-3.40,0.09
22,HINDUNILVR,Hindustan Unilever Ltd.,DIVERSIFIED,2161512492,43907,2.86,0.28,0.06,0.96,2.49,0.06
23,ICICIBANK,ICICI Bank Ltd.,BANKS,11525142530,90271,5.87,1.53,0.71,1.96,-11.23,0.08
24,IDFC,Infrastructure Development Finance Co. Ltd.,FINANCIAL INSTITUTION,15124664500,15431,1.00,1.56,0.54,2.42,3.64,0.1
25,INFY,Infosys Ltd.,COMPUTERS - SOFTWARE,2871150005,117130,7.62,0.96,0.39,1.24,-1.33,0.06
26,ITC,I T C Ltd.,CIGARETTES,7818424300,123972,8.06,0.50,0.21,2.00,-6.58,0.08
27,JINDALSTEL,Jindal Steel & Power Ltd.,STEEL AND STEEL PRODUCTS,934833818,16915,1.10,1.39,0.49,2.09,-12.63,0.1
28,JPASSOCIAT,Jaiprakash Associates Ltd.,CONSTRUCTION,4252866364,7037,0.46,1.90,0.52,2.93,-16.86,0.09
29,KOTAKBANK,Kotak Mahindra Bank Ltd.,BANKS,3703875760,20976,1.36,1.18,0.52,2.08,-3.31,0.09
30,LT,Larsen & Toubro Ltd.,ENGINEERING,1224797798,63085,4.10,1.27,0.51,2.46,-4.42,0.09
31,M&M,Mahindra & Mahindra Ltd.,AUTOMOBILES - 4 WHEELERS,3069874195,29945,1.95,0.93,0.36,1.48,-8.09,0.07
32,MARUTI,Maruti Suzuki India Ltd.,AUTOMOBILES - 4 WHEELERS,1444550300,14555,0.95,0.63,0.16,2.24,-19.80,0.09
33,NTPC,NTPC Ltd.,POWER,82454644000,18763,1.22,0.76,0.34,1.31,-9.66,0.08
34,ONGC,Oil & Natural Gas Corporation Ltd.,OIL EXPLORATION/PRODUCTION,42777450600,44802,2.91,0.55,0.18,1.62,-6.24,0.1
35,PNB,Punjab National Bank,BANKS,3391786830,10053,0.65,0.96,0.37,2.08,-11.13,0.09
36,POWERGRID,Power Grid Corporation of India Ltd.,POWER,46297253530,15028,0.98,0.60,0.30,1.17,-4.58,0.08
37,RANBAXY,Ranbaxy Laboratories Ltd.,PHARMACEUTICALS,2110562940,7941,0.52,0.56,0.13,2.07,2.97,0.08
38,RELIANCE,Reliance Industries Ltd.,REFINERIES,32710580300,118802,7.73,1.24,0.60,1.03,-5.30,0.07
39,RELINFRA,Reliance Infrastructure Ltd.,POWER,2629900000,6076,0.40,1.57,0.42,2.57,-14.93,0.09
40,SAIL,Steel Authority of India Ltd.,STEEL AND STEEL PRODUCTS,41305252890,5586,0.36,1.47,0.50,2.04,0.69,0.09
41,SBIN,State Bank of India,BANKS,6710448380,53003,3.45,1.30,0.54,2.59,-3.84,0.06
42,SESAGOA,Sesa Goa Ltd.,MINING,869101423,7299,0.47,1.36,0.39,2.45,-0.66,0.08
43,SIEMENS,Siemens Ltd.,ELECTRICAL EQUIPMENT,680589800,5764,0.37,0.84,0.39,1.60,-12.53,0.1
44,STER,Sterlite Industries (India) Ltd.,METALS,3361572684,13204,0.86,1.65,0.60,1.89,-11.32,0.1
45,SUNPHARMA,Sun Pharmaceutical Industries Ltd.,PHARMACEUTICALS,1035581955,21303,1.39,0.46,0.14,1.62,-5.99,0.08
46,TATAMOTORS,Tata Motors Ltd.,AUTOMOBILES - 4 WHEELERS,5383226960,40881,2.66,1.55,0.48,3.44,-26.39,0.07
47,TATAPOWER,Tata Power Co. Ltd.,POWER,2373072360,15131,0.98,1.02,0.32,2.42,-11.46,0.09
48,TATASTEEL,Tata Steel Ltd.,STEEL AND STEEL PRODUCTS,9712144500,26911,1.75,1.46,0.57,1.87,-12.94,0.06
49,TCS,Tata Consultancy Services Ltd.,COMPUTERS - SOFTWARE,1957220996,63423,4.13,0.92,0.32,1.44,-0.10,0.06
50,WIPRO,Wipro Ltd.,COMPUTERS - SOFTWARE,4917512456,21157,1.38,0.77,0.29,1.43,1.22,0.07
,,,,,1537512,100.00,,,,,0.07
,,,,,,,,,,,
* Beta & R2 are calculated for the period 01-Jun-2011to 31-May-2012,,,,,,,,,,,
,,,,,,,,,,,
* Beta measures the  degree to which any portfolio of stocks is affected as compared to the effect,,,,,,,,,,,
  on the market as a whole.,,,,,,,,,,,
,,,,,,,,,,,
* The coefficient of determination (R2) measures the strength of relationship between two variables,,,,,,,,,,,
   the return on  a security versus that of the market.,,,,,,,,,,,
,,,,,,,,,,,
* Volatility is the Std. deviation of the daily returns for the period 01-May-2012 to 31-May-2012,,,,,,,,,,,
,,,,,,,,,,,
* Last day of trading was 31-May-2012,,,,,,,,,,,
,,,,,,,,,,,
* Impact Cost for S&P CNX Nifty is for a portfolio of Rs. 50 Lakhs  ,,,,,,,,,,,
,,,,,,,,,,,
* Impact Cost for S&P CNX Nifty is the weightage average impact cost,,,,,,,,,,,
