Annexure II-  Nifty 50 Index : July 2016,,,,,,,,,,,
,,,,,,,,,,,
Sr. No,Security Symbol,Security Name,Industry,Equity Capital (In Rs.),Free Float Market Capitalisation (Rs. Crores),Weightage (%),Beta,R2,Volatility (%),Monthly Return,Avg. Impact Cost (%)
1,ACC,ACC Ltd.,CEMENT AND CEMENT PRODUCTS,1881915760,15889.96,0.50,0.69,0.29,1.33,4.50,0.02
2,ADANIPORTS,Adani Ports and Special Economic Zone Ltd.,SHIPPING,4141903522,21176.72,0.67,1.35,0.31,1.87,12.35,0.04
3,AMBUJACEM,Ambuja Cements Ltd.,CEMENT AND CEMENT PRODUCTS,3103794842,21047.61,0.67,0.88,0.34,0.73,6.46,0.03
4,ASIANPAINT,Asian Paints Ltd.,PAINTS,959197790,50228.44,1.59,0.77,0.26,1.67,11.05,0.02
5,AUROPHARMA,Aurobindo Pharma Ltd.,PHARMACEUTICALS,585169586,21304.09,0.67,1.14,0.29,1.69,6.59,0.02
6,AXISBANK,Axis Bank Ltd.,BANKS,4770927186,91197.47,2.89,1.35,0.44,1.46,2.37,0.02
7,BAJAJ-AUTO,Bajaj Auto Ltd.,AUTOMOBILES - 2 AND 3 WHEELERS,2893670200,36731.56,1.16,0.91,0.33,1.01,0.40,0.03
8,BANKBARODA,Bank of Baroda,BANKS,4608319196,14331.18,0.45,1.60,0.31,2.03,-1.46,0.04
9,BHEL,Bharat Heavy Electricals Ltd.,ELECTRICAL EQUIPMENT,4895200000,13212.88,0.42,1.40,0.32,2.12,14.25,0.03
10,BPCL,Bharat Petroleum Corporation Ltd.,REFINERIES,14461684960,30854.58,0.98,0.78,0.18,1.27,10.55,0.02
11,BHARTIARTL,Bharti Airtel Ltd.,TELECOMMUNICATION - SERVICES,19987000510,47759.54,1.51,0.79,0.22,1.67,-1.29,0.03
12,INFRATEL,Bharti Infratel Ltd.,TELECOMMUNICATION - EQUIPMENT,18966670690,20998.38,0.66,0.63,0.07,1.84,14.59,0.04
13,BOSCHLTD,Bosch Ltd.,AUTO ANCILLARIES,313989000,22742.85,0.72,0.90,0.28,1.30,10.28,0.03
14,CIPLA,Cipla Ltd.,PHARMACEUTICALS,1606913166,26695.81,0.84,0.75,0.26,1.00,5.27,0.02
15,COALINDIA,Coal India Ltd.,MINING,63163644000,41435.35,1.31,0.83,0.21,1.61,4.79,0.03
16,DRREDDY,Dr. Reddy's Laboratories Ltd.,PHARMACEUTICALS,853038265,37058.69,1.17,0.69,0.11,2.84,-13.20,0.02
17,EICHERMOT,Eicher Motors Ltd.,AUTOMOBILES - 4 WHEELERS,271629830,27454.67,0.87,0.91,0.23,1.67,16.85,0.02
18,GAIL,GAIL (India) Ltd.,GAS,12684774000,17916.93,0.57,1.17,0.30,1.59,-0.88,0.03
19,GRASIM,Grasim Industries Ltd.,CEMENT AND CEMENT PRODUCTS,933461060,31524.89,1.00,0.63,0.34,1.06,4.90,0.03
20,HCLTECH,HCL Technologies Ltd.,COMPUTERS - SOFTWARE,2821120228,42483.25,1.34,0.71,0.18,1.16,3.08,0.02
21,HDFCBANK,HDFC Bank Ltd.,BANKS,5058468034,249002.58,7.88,0.79,0.61,0.90,5.93,0.03
22,HEROMOTOCO,Hero MotoCorp Ltd.,AUTOMOBILES - 2 AND 3 WHEELERS,399375000,40296.63,1.27,0.87,0.36,1.03,0.78,0.02
23,HINDALCO,Hindalco Industries Ltd.,ALUMINIUM,2064985760,17098.29,0.54,1.86,0.42,1.72,8.71,0.03
24,HINDUNILVR,Hindustan Unilever Ltd.,DIVERSIFIED,2163936971,65879.22,2.08,0.53,0.17,1.23,2.67,0.02
25,HDFC,Housing Development Finance Corporation Ltd.,FINANCE - HOUSING,3160362590,217195.92,6.87,1.10,0.46,1.26,9.64,0.02
26,ITC,I T C Ltd.,CIGARETTES,12070810487,213309.33,6.75,0.64,0.02,1.29,2.79,0.03
27,ICICIBANK,ICICI Bank Ltd.,BANKS,11631664120,152898.22,4.84,1.61,0.54,2.19,9.29,0.03
28,IDEA,Idea Cellular Ltd.,TELECOMMUNICATION - SERVICES,36005206900,11686.21,0.37,0.68,0.09,2.03,-1.78,0.04
29,INDUSINDBK,IndusInd Bank Ltd.,BANKS,5951943790,57378.70,1.82,0.95,0.47,1.14,5.76,0.02
30,INFY,Infosys Ltd.,COMPUTERS - SOFTWARE,11484723320,214591.94,6.79,0.87,0.30,2.10,-8.28,0.02
31,KOTAKBANK,Kotak Mahindra Bank Ltd.,BANKS,9173005615,81241.64,2.57,1.07,0.51,1.19,0.02,0.02
32,LT,Larsen & Toubro Ltd.,ENGINEERING,1863308042,127803.18,4.04,1.36,0.49,1.22,4.17,0.03
33,LUPIN,Lupin Ltd.,PHARMACEUTICALS,901393592,41559.68,1.31,0.66,0.11,1.65,13.00,0.02
34,M&M,Mahindra & Mahindra Ltd.,AUTOMOBILES - 4 WHEELERS,3105461920,68324.04,2.16,0.94,0.34,0.98,2.57,0.02
35,MARUTI,Maruti Suzuki India Ltd.,AUTOMOBILES - 4 WHEELERS,1510400300,63235.75,2.00,0.98,0.33,1.62,13.62,0.02
36,NTPC,NTPC Ltd.,POWER,82454644000,39170.08,1.24,0.91,0.32,1.00,1.31,0.03
37,ONGC,Oil & Natural Gas Corporation Ltd.,OIL EXPLORATION/PRODUCTION,42777450600,39544.33,1.25,1.23,0.36,1.98,1.76,0.03
38,POWERGRID,Power Grid Corporation of India Ltd.,POWER,52315896480,38671.91,1.22,0.68,0.23,1.64,7.91,0.03
39,RELIANCE,Reliance Industries Ltd.,REFINERIES,32412851050,167768.59,5.31,1.06,0.46,0.92,4.72,0.02
40,SBIN,State Bank of India,BANKS,7762777042,71231.24,2.25,1.58,0.46,1.39,4.84,0.02
41,SUNPHARMA,Sun Pharmaceutical Industries Ltd.,PHARMACEUTICALS,2406753959,89886.85,2.84,0.74,0.20,1.01,8.76,0.02
42,TCS,Tata Consultancy Services Ltd.,COMPUTERS - SOFTWARE,1970427941,139350.83,4.41,0.70,0.31,1.30,2.59,0.02
43,TATAMTRDVR,Tata Motors Ltd DVR,AUTOMOBILES - 4 WHEELERS,1016953408,16282.21,0.52,1.56,0.38,1.80,10.87,0.04
44,TATAMOTORS,Tata Motors Ltd.,AUTOMOBILES - 4 WHEELERS,5774407204,97340.34,3.08,1.64,0.40,1.60,9.57,0.02
45,TATAPOWER,Tata Power Co. Ltd.,POWER,2704629398,13047.13,0.41,1.01,0.33,1.28,-1.84,0.04
46,TATASTEEL,Tata Steel Ltd.,STEEL AND STEEL PRODUCTS,9712154390,23793.27,0.75,1.71,0.39,2.39,10.28,0.03
47,TECHM,Tech Mahindra Ltd.,COMPUTERS - SOFTWARE,4852014385,30304.52,0.96,0.83,0.23,1.38,-3.52,0.03
48,ULTRACEMCO,UltraTech Cement Ltd.,CEMENT AND CEMENT PRODUCTS,2744341340,38775.24,1.23,0.89,0.35,1.00,9.01,0.02
49,WIPRO,Wipro Ltd.,COMPUTERS - SOFTWARE,4941426580,35013.22,1.11,0.60,0.24,1.04,-2.31,0.03
50,YESBANK,Yes Bank Ltd.,BANKS,4208229910,39945.40,1.26,1.44,0.47,1.22,9.92,0.02
51,ZEEL,Zee Entertainment Enterprises Ltd.,MEDIA & ENTERTAINMENT,960448720,27224.98,0.86,1.13,0.37,1.67,8.94,0.03
,,,,,3160896.32,,,,,,0.02
,,,,,,,,,,,
* Beta & R2 are calculated for the period 01-Aug-2015 to 29-July-2016,,,,,,,,,,,
,,,,,,,,,,,
* Beta measures the  degree to which any portfolio of stocks is affected as compared to the effect,,,,,,,,,,,
  on the market as a whole.,,,,,,,,,,,
,,,,,,,,,,,
* The coefficient of determination (R2) measures the strength of relationship between two variables,,,,,,,,,,,
   the return on  a security versus that of the market.,,,,,,,,,,,
,,,,,,,,,,,
* Volatility is the Std. deviation of the daily returns for the period 01-July-2016 to 29-July-2016,,,,,,,,,,,
,,,,,,,,,,,
* Last day of trading was 29-July-2016,,,,,,,,,,,
,,,,,,,,,,,
* Impact Cost for Nifty 50 is for a portfolio of Rs. 50 Lakhs  ,,,,,,,,,,,
,,,,,,,,,,,
* Impact Cost for Nifty 50 is the weightage average impact cost,,,,,,,,,,,
