Annexure II- Nifty Next 50 Index : July 2016,,,,,,,,,,,
,,,,,,,,,,,
Sr. No,Security Symbol,Security Name,Industry,Equity Capital (In Rs.),Free Float Market Capitalisation (Rs. Crores),Weightage (%),Beta,R2,Volatility (%),Monthly Return,Avg. Impact Cost (%)
1,ABB,ABB India Ltd.,ELECTRICAL EQUIPMENT,423816750,6700.01,1.11,0.82,0.16,1.25,3.33,0.05
2,APOLLOHOSP,Apollo Hospitals Enterprises Ltd.,MISCELLANEOUS,695625795,10421.10,1.72,0.67,0.16,0.90,3.53,0.03
3,ASHOKLEY,Ashok Leyland Ltd.,AUTOMOBILES - 4 WHEELERS,2845876634,13553.49,2.24,1.15,0.29,1.82,-3.15,0.04
4,BAJFINANCE,Bajaj Finance Ltd.,FINANCE,538721900,21793.10,3.60,0.85,0.18,2.50,29.71,0.03
5,BAJAJFINSV,Bajaj Finserv Ltd.,FINANCE,795804810,16474.46,2.72,0.79,0.17,1.92,17.33,0.05
6,BEL,Bharat Electronics Ltd.,ELECTRONICS - INDUSTRIAL,2400000000,7415.40,1.23,1.15,0.36,0.99,-2.46,0.03
7,BHARATFORG,Bharat Forge Ltd.,CASTINGS/FORGINGS,465588632,9388.68,1.55,1.22,0.34,1.45,0.09,0.03
8,BRITANNIA,Britannia Industries Ltd.,FOOD AND FOOD PROCESSING,239951630,17247.27,2.85,0.75,0.20,1.19,6.34,0.02
9,CADILAHC,Cadila Healthcare Ltd.,PHARMACEUTICALS,1023742595,9390.28,1.55,0.68,0.11,2.18,11.79,0.04
10,CAIRN,Cairn India Ltd.,OIL EXPLORATION/PRODUCTION,18748624810,10745.77,1.78,1.56,0.34,2.87,35.93,0.05
11,CASTROLIND,Castrol India Ltd.,PETROCHEMICALS,2472805960,6345.02,1.05,0.75,0.23,1.33,16.73,0.04
12,COLPAL,Colgate Palmolive (India) Ltd.,PERSONAL CARE,271985634,12439.03,2.06,0.41,0.11,0.99,1.62,0.03
13,CONCOR,Container Corporation of India Ltd.,TRAVEL AND TRANSPORT,1949741910,12575.00,2.08,0.58,0.08,1.37,4.85,0.04
14,CUMMINSIND,Cummins India Ltd.,DIESEL ENGINES,554400000,11825.19,1.96,0.79,0.17,1.30,2.56,0.05
15,DLF,DLF Ltd.,CONSTRUCTION,3567438824,7192.85,1.19,2.35,0.48,2.07,7.57,0.04
16,DABUR,Dabur India Ltd.,PERSONAL CARE,1760891170,17107.41,2.83,0.63,0.15,1.05,-1.64,0.03
17,DIVISLAB,Divi's Laboratories Ltd.,PHARMACEUTICALS,530937160,15271.88,2.53,0.63,0.14,1.10,8.01,0.04
18,EMAMILTD,Emami Ltd.,PERSONAL CARE,226967619,6987.90,1.16,0.39,0.05,1.55,3.64,0.06
19,GSKCONS,GlaxoSmithkline Consumer Healthcare Ltd.,FOOD AND FOOD PROCESSING,420555380,7454.92,1.23,0.37,0.06,1.43,7.02,0.06
20,GLAXO,Glaxosmithkline Pharmaceuticals Ltd.,PHARMACEUTICALS,847030170,7019.66,1.16,0.48,0.22,0.73,-4.94,0.09
21,GLENMARK,Glenmark Pharmaceuticals Ltd.,PHARMACEUTICALS,282158156,12146.20,2.01,0.91,0.21,1.27,7.75,0.03
22,GODREJCP,Godrej Consumer Products Ltd.,PERSONAL CARE,340533823,20043.68,3.31,0.96,0.22,1.63,-1.02,0.04
23,HINDPETRO,Hindustan Petroleum Corporation Ltd.,REFINERIES,3386272500,20935.05,3.46,1.11,0.25,1.76,26.64,0.03
24,HINDZINC,Hindustan Zinc Ltd.,METALS,8450638000,5170.52,0.86,1.07,0.22,1.90,12.96,0.03
25,IBULHSGFIN,Indiabulls Housing Finance Ltd.,FINANCE - HOUSING,842715572,23191.70,3.84,1.27,0.32,1.97,13.92,0.04
26,IOC,Indian Oil Corporation Ltd.,REFINERIES,24279524820,26435.55,4.37,0.77,0.20,2.20,23.45,0.02
27,JSWSTEEL,JSW Steel Ltd.,STEEL AND STEEL PRODUCTS,2417220440,17817.04,2.95,0.88,0.19,1.79,14.40,0.03
28,LICHSGFIN,LIC Housing Finance Ltd.,FINANCE - HOUSING,1009326000,15745.49,2.60,1.40,0.50,1.53,5.05,0.02
29,MARICO,Marico Ltd.,PERSONAL CARE,1290171198,14669.25,2.43,0.55,0.13,1.46,7.83,0.04
30,MOTHERSUMI,Motherson Sumi Systems Ltd.,AUTO ANCILLARIES,1322879040,14905.67,2.46,1.64,0.33,1.68,14.24,0.03
31,NHPC,NHPC Ltd.,POWER,1.11E+11,7002.20,1.16,0.99,0.31,1.11,0.40,0.10
32,NMDC,NMDC Ltd.,MINING,3964716000,7929.43,1.31,1.06,0.21,1.37,6.55,0.05
33,OIL,Oil India Ltd.,OIL EXPLORATION/PRODUCTION,6011359550,5095.62,0.84,0.54,0.12,1.51,4.64,0.05
34,OFSS,Oracle Financial Services Software Ltd.,COMPUTERS - SOFTWARE,424373320,8133.94,1.35,0.62,0.19,1.41,6.40,0.05
35,PIDILITIND,Pidilite Industries Ltd.,CHEMICALS - SPECIALITY,512675330,11239.89,1.86,0.52,0.14,1.21,1.51,0.03
36,PFC,Power Finance Corporation Ltd.,FINANCIAL INSTITUTION,13200407040,9210.72,1.52,1.50,0.32,2.44,28.72,0.04
37,PGHH,Procter & Gamble Hygiene & Health Care Ltd.,PERSONAL CARE,324607360,6203.99,1.03,0.32,0.07,0.99,5.23,0.11
38,PNB,Punjab National Bank,BANKS,3927194980,9203.97,1.52,1.55,0.36,3.88,16.48,0.04
39,RCOM,Reliance Communications Ltd.,TELECOMMUNICATION - SERVICES,12444898725,5367.73,0.89,1.66,0.31,1.86,3.24,0.07
40,RECLTD,Rural Electrification Corporation Ltd.,FINANCIAL INSTITUTION,9874590000,8172.01,1.35,1.41,0.34,2.16,22.34,0.04
41,SHREECEM,Shree Cement Ltd.,CEMENT AND CEMENT PRODUCTS,348372250,14030.91,2.32,0.81,0.17,1.58,10.75,0.07
42,SRTRANSFIN,Shriram Transport Finance Co. Ltd.,FINANCE,2268827360,18589.14,3.07,0.98,0.17,2.27,6.34,0.03
43,SIEMENS,Siemens Ltd.,ELECTRICAL EQUIPMENT,712240510,11738.61,1.94,1.31,0.54,1.16,0.67,0.03
44,SAIL,Steel Authority of India Ltd.,STEEL AND STEEL PRODUCTS,41305252890,4848.20,0.80,1.53,0.37,1.86,3.53,0.06
45,TITAN,Titan Company Ltd.,"GEMS, JEWELLERY AND WATCHES",887786160,17583.32,2.91,0.62,0.13,1.11,3.73,0.04
46,TORNTPHARM,Torrent Pharmaceuticals Ltd.,PHARMACEUTICALS,846113600,7068.95,1.17,0.99,0.26,1.53,4.92,0.04
47,UPL,UPL Ltd.,PESTICIDES AND AGROCHEMICALS,857208548,18746.94,3.10,1.01,0.20,1.85,13.59,0.03
48,UBL,United Breweries Ltd.,BREW/DISTILLERIES,264405149,5583.15,0.92,0.74,0.17,1.27,8.18,0.04
49,MCDOWELL-N,United Spirits Ltd.,BREW/DISTILLERIES,1307949680,12519.39,2.07,0.65,0.10,1.94,-1.83,0.03
50,VEDL,Vedanta Ltd.,MINING,2964694239,18061.07,2.99,2.59,0.47,2.94,24.78,0.03
,,,,,604737.76,,,,,,0.04
,,,,,,,,,,,
* Beta & R2 are calculated for the period 01-Aug-2015 to 29-July-2016,,,,,,,,,,,
,,,,,,,,,,,
* Beta measures the  degree to which any portfolio of stocks is affected as compared to the effect,,,,,,,,,,,
  on the market as a whole.,,,,,,,,,,,
,,,,,,,,,,,
* The coefficient of determination (R2) measures the strength of relationship between two variables,,,,,,,,,,,
   the return on  a security versus that of the market.,,,,,,,,,,,
,,,,,,,,,,,
* Volatility is the Std. deviation of the daily returns for the period 01-July-2016 to 29-July-2016,,,,,,,,,,,
,,,,,,,,,,,
* Last day of trading was 29-July-2016,,,,,,,,,,,
,,,,,,,,,,,
* Impact Cost for Nifty Next 50 is for a portfolio of Rs. 25 Lakhs  ,,,,,,,,,,,
,,,,,,,,,,,
* Impact Cost for Nifty Next 50 is the weightage average impact cost,,,,,,,,,,,
