Annexure II-  Nifty 50 Index : September 2023,,,,,,,,,,,
,,,,,,,,,,,
Sr. No,Security Symbol,Security Name,Industry,Equity Capital (In Rs.),Free Float Market Capitalisation (Rs. Crores),Weightage (%),Beta,R2,Volatility (%),Monthly Return,Avg. Impact Cost (%)
1,ADANIENT,Adani Enterprises Ltd.,TRADING - MINERALS/ MINING,1140001121,79803.61,0.93,2.55,0.12,1.44,-0.22,0.02
2,ADANIPORTS,Adani Ports and Special Economic Zone Ltd.,PORT,4320277890,65950.23,0.77,1.97,0.20,1.89,4.16,0.03
3,APOLLOHOSP,Apollo Hospitals Enterprise Ltd.,HOSPITAL,718923285,51711.07,0.60,0.58,0.07,1.43,6.72,0.01
4,ASIANPAINT,Asian Paints Ltd.,PAINTS,959197790,142507.39,1.65,0.45,0.07,1.13,-2.92,0.02
5,AXISBANK,Axis Bank Ltd.,PRIVATE SECTOR BANK,6162939698,287510.38,3.34,0.85,0.19,0.93,6.49,0.02
6,BAJAJ-AUTO,Bajaj Auto Ltd.,MOTOR CYCLES/SCOOTERS,2829573580,57312.45,0.67,0.57,0.08,1.55,9.75,0.02
7,BAJFINANCE,Bajaj Finance Ltd.,NBFC,1211837076,208237.84,2.42,1.11,0.23,1.23,9.04,0.01
8,BAJAJFINSV,Bajaj Finserv Ltd.,GENERAL INSURANCE,1595488813,83553.36,0.97,1.19,0.28,1.02,3.45,0.03
9,BPCL,Bharat Petroleum Corporation Ltd.,REFINERIES/MARKETING,21692527440,33081.97,0.38,0.48,0.05,1.58,1.78,0.02
10,BHARTIARTL,Bharti Airtel Ltd.,TELECOM - SERVICES,28026723695,233675.61,2.71,0.67,0.16,1.05,8.17,0.02
11,BRITANNIA,Britannia Industries Ltd.,CONSUMER FOOD,240868296,53549.92,0.62,0.49,0.07,0.88,1.55,0.02
12,CIPLA,Cipla Ltd.,PHARMACEUTICALS,1614634956,62243.98,0.72,0.35,0.03,1.09,-5.68,0.02
13,COALINDIA,Coal India Ltd.,INDUSTRIAL MINERALS,61627283270,67311.78,0.78,0.76,0.11,2.25,28.32,0.03
14,DIVISLAB,Divi's Laboratories Ltd.,PHARMACEUTICALS,530937160,47977.39,0.56,0.32,0.01,1.21,4.82,0.03
15,DRREDDY,Dr. Reddy's Laboratories Ltd.,PHARMACEUTICALS,833923820,68023.33,0.79,0.42,0.05,1.35,-0.37,0.02
16,EICHERMOT,Eicher Motors Ltd.,MOTOR CYCLES/SCOOTERS,273749460,47180.04,0.55,0.89,0.14,1.12,3.31,0.02
17,GRASIM,Grasim Industries Ltd.,CEMENT,1316897582,71622.37,0.83,0.98,0.31,1.27,8.46,0.02
18,HCLTECH,HCL Technologies Ltd.,COMPUTERS - SOFTWARE,5427330192,130682.51,1.52,1.02,0.25,1.21,5.34,0.02
19,HDFCBANK,HDFC Bank Ltd.,PRIVATE SECTOR BANK,7580137319,1145386.80,13.30,1.20,0.46,1.20,-2.87,0.01
20,HDFCLIFE,HDFC Life Insurance Company Ltd.,LIFE INSURANCE,21499639940,68519.35,0.80,1.01,0.15,1.16,-1.14,0.02
21,HEROMOTOCO,Hero MotoCorp Ltd.,MOTOR CYCLES/SCOOTERS,399737956,39718.21,0.46,0.78,0.14,1.40,4.85,0.02
22,HINDALCO,Hindalco Industries Ltd.,ALUMINIUM,2247216523,71960.93,0.84,1.46,0.24,1.98,7.13,0.02
23,HINDUNILVR,Hindustan Unilever Ltd.,DIVERSIFIED,2349591262,220139.78,2.56,0.57,0.11,0.73,-1.57,0.01
24,ICICIBANK,ICICI Bank Ltd.,PRIVATE SECTOR BANK,14005936808,666612.56,7.74,0.93,0.37,0.93,-0.71,0.02
25,ITC,ITC Ltd.,CIGARETTES & RELATED PRODUCTS,12470914522,393487.28,4.57,0.73,0.17,0.91,1.07,0.02
26,INDUSINDBK,IndusInd Bank Ltd.,PRIVATE SECTOR BANK,7769477670,93251.91,1.08,1.36,0.28,1.43,3.68,0.02
27,INFY,Infosys Ltd.,COMPUTERS - SOFTWARE,20751789260,512356.28,5.95,1.36,0.35,0.92,0.00,0.02
28,JSWSTEEL,JSW Steel Ltd.,STEEL,2445453966,72446.08,0.84,1.14,0.26,1.22,-0.01,0.02
29,KOTAKBANK,Kotak Mahindra Bank Ltd.,PRIVATE SECTOR BANK,9937255425,255271.79,2.96,0.81,0.23,0.87,-1.31,0.01
30,LTIM,LTIMindtree Ltd.,COMPUTERS - SOFTWARE,295913763,47791.66,0.55,1.21,0.23,1.18,0.32,0.03
31,LT,Larsen & Toubro Ltd.,ENGINEERING-DESIGNING-CONSTRUCTION,2811297434,365504.23,4.24,0.85,0.20,1.20,11.87,0.03
32,M&M,Mahindra & Mahindra Ltd.,PASSENGER/UTILITY VEHICLES,6217644155,139158.34,1.62,1.02,0.21,1.43,-1.34,0.02
33,MARUTI,Maruti Suzuki India Ltd.,PASSENGER/UTILITY VEHICLES,1510400300,141031.03,1.64,0.64,0.15,1.19,6.07,0.02
34,NTPC,NTPC Ltd.,POWER,96966661340,116669.80,1.35,0.69,0.12,1.79,11.46,0.03
35,NESTLEIND,Nestle India Ltd.,CONSUMER FOOD,964157160,80290.70,0.93,0.56,0.12,0.81,2.37,0.02
36,ONGC,Oil & Natural Gas Corporation Ltd.,OIL EXPLORATION,62901396030,74819.32,0.87,0.60,0.09,1.35,10.16,0.02
37,POWERGRID,Power Grid Corporation of India Ltd.,POWER - TRANSMISSION,93006038190,91031.99,1.06,0.51,0.05,1.56,8.91,0.04
38,RELIANCE,Reliance Industries Ltd.,REFINERIES/MARKETING,67656234570,793269.35,9.21,0.00,0.00,0.85,-2.58,0.01
39,SBILIFE,SBI Life Insurance Company Ltd.,LIFE INSURANCE,10010400420,58804.10,0.68,1.01,0.25,1.19,0.99,0.03
40,SBIN,State Bank of India,PUBLIC SECTOR BANK,8924611934,229698.54,2.67,1.25,0.34,1.01,6.63,0.02
41,SUNPHARMA,Sun Pharmaceutical Industries Ltd.,PHARMACEUTICALS,2399334970,125099.53,1.45,0.37,0.06,0.91,4.23,0.02
42,TCS,Tata Consultancy Services Ltd.,COMPUTERS - SOFTWARE,3659051373,361517.20,4.20,1.00,0.32,0.88,5.12,0.02
43,TATACONSUM,Tata Consumer Products Ltd.,TEA &  COFFEE,929011650,52952.27,0.61,0.87,0.22,1.47,5.10,0.02
44,TATAMOTORS,Tata Motors Ltd.,PASSENGER/UTILITY VEHICLES,6644634000,110967.38,1.29,0.99,0.17,1.21,4.86,0.02
45,TATASTEEL,Tata Steel Ltd.,STEEL,12221532630,103973.47,1.21,1.20,0.26,1.50,4.88,0.03
46,TECHM,Tech Mahindra Ltd.,COMPUTERS - SOFTWARE,4877520525,76342.17,0.89,1.03,0.17,1.53,1.73,0.03
47,TITAN,Titan Company Ltd.,"GEMS, JEWELLERY AND WATCHES",887786160,131386.67,1.53,0.60,0.11,1.15,1.43,0.02
48,UPL,UPL Ltd.,PESTICIDES AND AGROCHEMICALS,1501215282,30991.65,0.36,1.10,0.26,1.41,4.25,0.02
49,ULTRACEMCO,UltraTech Cement Ltd.,CEMENT,2886863450,95322.50,1.11,0.74,0.18,1.34,-0.51,0.02
50,WIPRO,Wipro Ltd.,COMPUTERS - SOFTWARE,10443499852,57247.87,0.66,1.11,0.36,1.47,-0.58,0.02
,,,,,8614956.00,,,,,,0.02
,,,,,,,,,,,
* Beta & R2 are calculated for the period 01-Oct-2022 to 29-Sep-2023,,,,,,,,,,,
,,,,,,,,,,,
* Beta measures the  degree to which any portfolio of stocks is affected as compared to the effect,,,,,,,,,,,
  on the market as a whole.,,,,,,,,,,,
,,,,,,,,,,,
* The coefficient of determination (R2) measures the strength of relationship between two variables,,,,,,,,,,,
   the return on  a security versus that of the market.,,,,,,,,,,,
,,,,,,,,,,,
* Volatility is the Std. deviation of the daily returns for the period 01-Oct-2022 to 29-Sep-2023,,,,,,,,,,,
,,,,,,,,,,,
* Last day of trading was 29-Sep-2023,,,,,,,,,,,
,,,,,,,,,,,
* Impact Cost for Nifty 50 is for a portfolio of Rs. 50 Lakhs  ,,,,,,,,,,,
,,,,,,,,,,,
* Impact Cost for Nifty 50 is the weightage average impact cost,,,,,,,,,,,
